,Unnamed: 0,Close,Open,Volume,Net Income,Stockholders Equity,Long Term Debt,Total Assets
1,1/3/2022,3646.828369,3542.134732,65937900,5.89E+12,1.22E+14,3.63E+13,2.76E+14
2,1/4/2022,3638.104004,3646.828474,42984700,5.89E+12,1.22E+14,3.63E+13,2.76E+14
3,1/5/2022,3533.410156,3620.654851,119584700,5.89E+12,1.22E+14,3.63E+13,2.76E+14
4,1/6/2022,3594.481689,3568.308279,89197500,5.89E+12,1.22E+14,3.63E+13,2.76E+14
5,1/7/2022,3638.104004,3594.481654,68415100,5.89E+12,1.22E+14,3.63E+13,2.76E+14
6,1/10/2022,3577.032959,3646.828724,44921200,5.89E+12,1.22E+14,3.63E+13,2.76E+14
7,1/11/2022,3568.30835,3594.48176,61890200,5.89E+12,1.22E+14,3.63E+13,2.76E+14
8,1/12/2022,3585.757324,3585.757324,45132700,5.89E+12,1.22E+14,3.63E+13,2.76E+14
9,1/13/2022,3646.828369,3638.103899,84148400,5.89E+12,1.22E+14,3.63E+13,2.76E+14
10,1/14/2022,3655.552979,3611.930628,28193100,5.89E+12,1.22E+14,3.63E+13,2.76E+14
11,1/17/2022,3646.828369,3664.277309,39816300,5.89E+12,1.22E+14,3.63E+13,2.76E+14
12,1/18/2022,3707.899658,3664.277309,112212200,5.89E+12,1.22E+14,3.63E+13,2.76E+14
13,1/19/2022,3707.899658,3716.624128,88713900,5.89E+12,1.22E+14,3.63E+13,2.76E+14
14,1/20/2022,3681.726563,3751.522327,100014500,5.89E+12,1.22E+14,3.63E+13,2.76E+14
15,1/21/2022,3777.695557,3699.175326,75534800,5.89E+12,1.22E+14,3.63E+13,2.76E+14
16,1/24/2022,3751.521973,3716.624094,70404500,5.89E+12,1.22E+14,3.63E+13,2.76E+14
17,1/25/2022,3742.797607,3760.246547,116353600,5.89E+12,1.22E+14,3.63E+13,2.76E+14
18,1/26/2022,3830.042236,3821.317767,127641400,5.89E+12,1.22E+14,3.63E+13,2.76E+14
19,1/27/2022,3725.348633,3838.766741,98613900,5.89E+12,1.22E+14,3.63E+13,2.76E+14
20,1/28/2022,3716.624268,3716.624268,61686700,5.89E+12,1.22E+14,3.63E+13,2.76E+14
21,1/31/2022,3655.552979,3673.001919,88735900,5.89E+12,1.22E+14,3.63E+13,2.76E+14
22,2/2/2022,3638.104004,3638.104004,144006000,5.89E+12,1.22E+14,3.63E+13,2.76E+14
23,2/3/2022,3664.277344,3664.277344,58212400,5.89E+12,1.22E+14,3.63E+13,2.76E+14
24,2/4/2022,3690.450928,3716.624339,98728700,5.89E+12,1.22E+14,3.63E+13,2.76E+14
25,2/7/2022,3742.797607,3690.450788,90285800,5.89E+12,1.22E+14,3.63E+13,2.76E+14
26,2/8/2022,3690.450928,3734.073279,71210400,5.89E+12,1.22E+14,3.63E+13,2.76E+14
27,2/9/2022,3734.073242,3734.073242,95375000,5.89E+12,1.22E+14,3.63E+13,2.76E+14
28,2/10/2022,3891.11377,3838.766948,233984700,5.89E+12,1.22E+14,3.63E+13,2.76E+14
29,2/11/2022,3882.388916,3926.011263,130081900,5.89E+12,1.22E+14,3.63E+13,2.76E+14
30,2/14/2022,3838.766846,3821.317905,104903700,5.89E+12,1.22E+14,3.63E+13,2.76E+14
31,2/15/2022,3847.491455,3838.766985,75305900,5.89E+12,1.22E+14,3.63E+13,2.76E+14
32,2/16/2022,3838.766846,3856.215786,90121200,5.89E+12,1.22E+14,3.63E+13,2.76E+14
33,2/17/2022,3847.491455,3838.766985,72970200,5.89E+12,1.22E+14,3.63E+13,2.76E+14
34,2/18/2022,3838.766846,3856.215786,71111300,5.89E+12,1.22E+14,3.63E+13,2.76E+14
35,2/21/2022,3812.593506,3812.593506,58883000,5.89E+12,1.22E+14,3.63E+13,2.76E+14
36,2/22/2022,3751.521973,3768.970912,106985800,5.89E+12,1.22E+14,3.63E+13,2.76E+14
37,2/23/2022,3795.144531,3734.07324,110562400,5.89E+12,1.22E+14,3.63E+13,2.76E+14
38,2/24/2022,3699.175293,3734.073173,126158600,5.89E+12,1.22E+14,3.63E+13,2.76E+14
39,2/25/2022,3786.420166,3699.175462,208757000,5.89E+12,1.22E+14,3.63E+13,2.76E+14
40,3/1/2022,3795.144531,4048.154167,206416900,5.89E+12,1.22E+14,3.63E+13,2.76E+14
41,3/2/2022,3742.797607,3838.766777,152165300,5.89E+12,1.22E+14,3.63E+13,2.76E+14
42,3/4/2022,3838.766846,3873.664726,155369100,5.89E+12,1.22E+14,3.63E+13,2.76E+14
43,3/7/2022,3934.736328,3838.767149,177360400,5.89E+12,1.22E+14,3.63E+13,2.76E+14
44,3/8/2022,4030.705322,4013.256381,234086000,5.89E+12,1.22E+14,3.63E+13,2.76E+14
45,3/9/2022,3873.664795,3969.633968,145145900,5.89E+12,1.22E+14,3.63E+13,2.76E+14
46,3/10/2022,3847.491455,3926.011689,130830800,5.89E+12,1.22E+14,3.63E+13,2.76E+14
47,3/11/2022,4004.531982,3847.491513,143446200,5.89E+12,1.22E+14,3.63E+13,2.76E+14
48,3/14/2022,3995.807373,4056.878665,166572700,5.89E+12,1.22E+14,3.63E+13,2.76E+14
49,3/15/2022,4030.705322,4039.429793,231077800,5.89E+12,1.22E+14,3.63E+13,2.76E+14
50,3/16/2022,4039.429443,4065.602852,109961900,5.89E+12,1.22E+14,3.63E+13,2.76E+14
51,3/17/2022,3908.562744,3969.634037,246300800,5.89E+12,1.22E+14,3.63E+13,2.76E+14
52,3/18/2022,3960.90918,3917.286832,210266100,5.89E+12,1.22E+14,3.63E+13,2.76E+14
53,3/21/2022,3969.633789,3969.633789,79691600,5.89E+12,1.22E+14,3.63E+13,2.76E+14
54,3/22/2022,3969.633789,3969.633789,98699900,5.89E+12,1.22E+14,3.63E+13,2.76E+14
55,3/23/2022,3969.633789,3969.633789,78299500,5.89E+12,1.22E+14,3.63E+13,2.76E+14
56,3/24/2022,3978.35791,3926.011096,89578400,5.89E+12,1.22E+14,3.63E+13,2.76E+14
57,3/25/2022,3943.460449,3934.735979,90053700,5.89E+12,1.22E+14,3.63E+13,2.76E+14
58,3/28/2022,4013.256104,3934.735875,184131000,5.89E+12,1.22E+14,3.63E+13,2.76E+14
59,3/29/2022,3978.35791,4013.255787,77920800,5.89E+12,1.22E+14,3.63E+13,2.76E+14
60,3/30/2022,3995.807373,4030.705254,118749100,5.89E+12,1.22E+14,3.63E+13,2.76E+14
61,3/31/2022,3995.807373,4030.705254,108109700,6.12E+12,1.22E+14,3.63E+13,2.76E+14
62,4/1/2022,3995.807373,3969.633962,86590300,6.12E+12,1.22E+14,3.63E+13,2.76E+14
63,4/4/2022,3960.90918,3978.358119,103480300,6.12E+12,1.22E+14,3.63E+13,2.76E+14
64,4/5/2022,3943.460449,3969.633859,52172300,6.12E+12,1.22E+14,3.63E+13,2.76E+14
65,4/6/2022,3864.940186,3917.287005,108368800,6.12E+12,1.22E+14,3.63E+13,2.76E+14
66,4/7/2022,3960.90918,3882.388954,143921800,6.12E+12,1.22E+14,3.63E+13,2.76E+14
67,4/8/2022,3995.807373,3995.807373,161974500,6.12E+12,1.22E+14,3.63E+13,2.76E+14
68,4/11/2022,4004.531982,4021.980924,90521500,6.12E+12,1.22E+14,3.63E+13,2.76E+14
69,4/12/2022,4039.429443,4030.704974,187948000,6.12E+12,1.22E+14,3.63E+13,2.76E+14
70,4/13/2022,4091.776611,4100.501082,196864200,6.12E+12,1.22E+14,3.63E+13,2.76E+14
71,4/14/2022,4083.052002,4100.500942,112735200,6.12E+12,1.22E+14,3.63E+13,2.76E+14
72,4/18/2022,4109.225586,4117.950056,120778200,6.12E+12,1.22E+14,3.63E+13,2.76E+14
73,4/19/2022,4083.052002,4135.398822,92268300,6.12E+12,1.22E+14,3.63E+13,2.76E+14
74,4/20/2022,4039.429443,4083.051792,88360900,6.12E+12,1.22E+14,3.63E+13,2.76E+14
75,4/21/2022,4030.705322,4030.705322,97575800,6.12E+12,1.22E+14,3.63E+13,2.76E+14
76,4/22/2022,4030.705322,4030.705322,101299100,6.12E+12,1.22E+14,3.63E+13,2.76E+14
77,4/25/2022,4109.225586,4021.980881,92045500,6.12E+12,1.22E+14,3.63E+13,2.76E+14
78,4/26/2022,4152.847656,4083.051897,85945800,6.12E+12,1.22E+14,3.63E+13,2.76E+14
79,4/27/2022,4161.572266,4117.949915,136485600,6.12E+12,1.22E+14,3.63E+13,2.76E+14
80,4/28/2022,4030.705322,4231.368141,198484800,6.12E+12,1.22E+14,3.63E+13,2.76E+14
81,5/9/2022,3760.246582,3978.358333,343682000,6.12E+12,1.22E+14,3.63E+13,2.76E+14
82,5/10/2022,3786.420166,3594.481817,281386300,6.12E+12,1.22E+14,3.63E+13,2.76E+14
83,5/11/2022,3777.695557,3838.766847,154455400,6.12E+12,1.22E+14,3.63E+13,2.76E+14
84,5/12/2022,3751.521973,3786.419851,233518500,6.12E+12,1.22E+14,3.63E+13,2.76E+14
85,5/13/2022,3716.624268,3707.899797,190889200,6.12E+12,1.22E+14,3.63E+13,2.76E+14
86,5/17/2022,3646.828369,3707.899658,170880700,6.12E+12,1.22E+14,3.63E+13,2.76E+14
87,5/18/2022,3707.899658,3690.450719,185359500,6.12E+12,1.22E+14,3.63E+13,2.76E+14
88,5/19/2022,3673.001953,3646.828543,112679300,6.12E+12,1.22E+14,3.63E+13,2.76E+14
89,5/20/2022,3638.104004,3681.726354,141701800,6.12E+12,1.22E+14,3.63E+13,2.76E+14
90,5/23/2022,3585.757324,3629.379676,196569900,6.12E+12,1.22E+14,3.63E+13,2.76E+14
91,5/24/2022,3620.655029,3594.481619,151693700,6.12E+12,1.22E+14,3.63E+13,2.76E+14
92,5/25/2022,3664.277344,3664.277344,166595400,6.12E+12,1.22E+14,3.63E+13,2.76E+14
93,5/27/2022,3751.521973,3716.624094,186513500,6.12E+12,1.22E+14,3.63E+13,2.76E+14
94,5/30/2022,3707.899658,3786.419886,107614100,6.12E+12,1.22E+14,3.63E+13,2.76E+14
95,5/31/2022,3760.246582,3725.348702,469620300,6.12E+12,1.22E+14,3.63E+13,2.76E+14
96,6/2/2022,3742.797607,3830.042307,164481100,6.12E+12,1.22E+14,3.63E+13,2.76E+14
97,6/3/2022,3760.246582,3760.246582,108852800,6.12E+12,1.22E+14,3.63E+13,2.76E+14
98,6/6/2022,3786.420166,3760.246755,79319400,6.12E+12,1.22E+14,3.63E+13,2.76E+14
99,6/7/2022,3707.899658,3786.419886,142504000,6.12E+12,1.22E+14,3.63E+13,2.76E+14
100,6/8/2022,3707.868652,3753.086563,202555900,6.12E+12,1.22E+14,3.63E+13,2.76E+14
101,6/9/2022,3662.650635,3689.78138,148580200,6.12E+12,1.22E+14,3.63E+13,2.76E+14
102,6/10/2022,3635.52002,3653.607184,189186700,6.12E+12,1.22E+14,3.63E+13,2.76E+14
103,6/13/2022,3689.781494,3572.214927,156054900,6.12E+12,1.22E+14,3.63E+13,2.76E+14
104,6/14/2022,3716.912109,3662.650619,117325600,6.12E+12,1.22E+14,3.63E+13,2.76E+14
105,6/15/2022,3671.694336,3671.694336,94848800,6.12E+12,1.22E+14,3.63E+13,2.76E+14
106,6/16/2022,3653.607178,3725.955835,96042200,6.12E+12,1.22E+14,3.63E+13,2.76E+14
107,6/17/2022,3725.955566,3626.47617,169375800,6.12E+12,1.22E+14,3.63E+13,2.76E+14
108,6/20/2022,3653.607178,3662.65076,82101200,6.12E+12,1.22E+14,3.63E+13,2.76E+14
109,6/21/2022,3716.912109,3671.694201,77489000,6.12E+12,1.22E+14,3.63E+13,2.76E+14
110,6/22/2022,3662.650635,3698.824962,60907800,6.12E+12,1.22E+14,3.63E+13,2.76E+14
111,6/23/2022,3762.130127,3644.56356,101065400,6.12E+12,1.22E+14,3.63E+13,2.76E+14
112,6/24/2022,3753.08667,3825.435329,81050700,6.12E+12,1.22E+14,3.63E+13,2.76E+14
113,6/27/2022,3680.737793,3716.91212,71574300,6.12E+12,1.22E+14,3.63E+13,2.76E+14
114,6/28/2022,3644.563477,3626.476313,128618800,6.12E+12,1.22E+14,3.63E+13,2.76E+14
115,6/29/2022,3653.607178,3617.432849,72888100,6.12E+12,1.22E+14,3.63E+13,2.76E+14
116,6/30/2022,3617.432861,3716.912265,116718900,7.19E+12,1.22E+14,3.63E+13,2.76E+14
117,7/1/2022,3635.52002,3626.476437,39572500,7.19E+12,1.22E+14,3.63E+13,2.76E+14
118,7/4/2022,3608.38916,3635.519906,115885200,7.19E+12,1.22E+14,3.63E+13,2.76E+14
119,7/5/2022,3608.38916,3626.476324,72329600,7.19E+12,1.22E+14,3.63E+13,2.76E+14
120,7/6/2022,3635.52002,3662.650766,62679000,7.19E+12,1.22E+14,3.63E+13,2.76E+14
121,7/7/2022,3653.607178,3653.607178,42393800,7.19E+12,1.22E+14,3.63E+13,2.76E+14
122,7/8/2022,3626.476563,3662.650892,64049000,7.19E+12,1.22E+14,3.63E+13,2.76E+14
123,7/11/2022,3653.607178,3707.86867,42258000,7.19E+12,1.22E+14,3.63E+13,2.76E+14
124,7/12/2022,3626.476563,3671.694475,43399800,7.19E+12,1.22E+14,3.63E+13,2.76E+14
125,7/13/2022,3563.171387,3626.476462,96218200,7.19E+12,1.22E+14,3.63E+13,2.76E+14
126,7/14/2022,3635.52002,3563.171362,68708500,7.19E+12,1.22E+14,3.63E+13,2.76E+14
127,7/15/2022,3753.08667,3653.607264,146093800,7.19E+12,1.22E+14,3.63E+13,2.76E+14
128,7/18/2022,3789.260986,3716.912328,84009400,7.19E+12,1.22E+14,3.63E+13,2.76E+14
129,7/19/2022,3762.130127,3789.260873,91367900,7.19E+12,1.22E+14,3.63E+13,2.76E+14
130,7/20/2022,3807.3479,3744.042828,82344000,7.19E+12,1.22E+14,3.63E+13,2.76E+14
131,7/21/2022,3852.565918,3807.348008,107234600,7.19E+12,1.22E+14,3.63E+13,2.76E+14
132,7/22/2022,3825.435059,3834.47864,59792300,7.19E+12,1.22E+14,3.63E+13,2.76E+14
133,7/25/2022,3834.47876,3834.47876,37218000,7.19E+12,1.22E+14,3.63E+13,2.76E+14
134,7/26/2022,3843.522217,3834.478635,49786900,7.19E+12,1.22E+14,3.63E+13,2.76E+14
135,7/27/2022,3888.740234,3825.435161,60672300,7.19E+12,1.22E+14,3.63E+13,2.76E+14
136,7/28/2022,3834.47876,3897.783834,110767300,7.19E+12,1.22E+14,3.63E+13,2.76E+14
137,7/29/2022,3825.435059,3870.652967,108823600,7.19E+12,1.22E+14,3.63E+13,2.76E+14
138,8/1/2022,3888.740234,3825.435161,104724300,7.19E+12,1.22E+14,3.63E+13,2.76E+14
139,8/2/2022,4024.393799,3933.957983,112228800,7.19E+12,1.22E+14,3.63E+13,2.76E+14
140,8/3/2022,4069.611816,4024.393907,251825000,7.19E+12,1.22E+14,3.63E+13,2.76E+14
141,8/4/2022,4114.830078,4024.394252,186881500,7.19E+12,1.22E+14,3.63E+13,2.76E+14
142,8/5/2022,4205.265625,4151.004133,268967200,7.19E+12,1.22E+14,3.63E+13,2.76E+14
143,8/8/2022,4250.483887,4250.483887,191023500,7.19E+12,1.22E+14,3.63E+13,2.76E+14
144,8/9/2022,4196.222168,4250.483662,164453900,7.19E+12,1.22E+14,3.63E+13,2.76E+14
145,8/10/2022,4123.873047,4096.742303,162061400,7.19E+12,1.22E+14,3.63E+13,2.76E+14
146,8/11/2022,4132.916992,4114.829828,123629000,7.19E+12,1.22E+14,3.63E+13,2.76E+14
147,8/12/2022,4114.830078,4132.917243,124552500,7.19E+12,1.22E+14,3.63E+13,2.76E+14
148,8/15/2022,4024.393799,4105.786033,136882800,7.19E+12,1.22E+14,3.63E+13,2.76E+14
149,8/16/2022,3988.219727,4096.742712,127710800,7.19E+12,1.22E+14,3.63E+13,2.76E+14
150,8/18/2022,4114.830078,3943.002009,182044300,7.19E+12,1.22E+14,3.63E+13,2.76E+14
151,8/19/2022,4160.047363,4123.873038,177623900,7.19E+12,1.22E+14,3.63E+13,2.76E+14
152,8/22/2022,4205.265625,4114.829805,202320400,7.19E+12,1.22E+14,3.63E+13,2.76E+14
153,8/23/2022,4214.30957,4232.396736,229431400,7.19E+12,1.22E+14,3.63E+13,2.76E+14
154,8/24/2022,4295.701172,4214.308939,189007900,7.19E+12,1.22E+14,3.63E+13,2.76E+14
155,8/25/2022,4132.916992,4232.396395,179495700,7.19E+12,1.22E+14,3.63E+13,2.76E+14
156,8/26/2022,4060.568115,4078.655278,184317100,7.19E+12,1.22E+14,3.63E+13,2.76E+14
157,8/29/2022,4087.699219,3952.045484,101529800,7.19E+12,1.22E+14,3.63E+13,2.76E+14
158,8/30/2022,4051.524902,4141.960726,118884300,7.19E+12,1.22E+14,3.63E+13,2.76E+14
159,8/31/2022,4123.873047,3997.262909,175300400,7.19E+12,1.22E+14,3.63E+13,2.76E+14
160,9/1/2022,4141.960449,4123.873286,120871700,7.19E+12,1.22E+14,3.63E+13,2.76E+14
161,9/2/2022,4160.047363,4105.785876,106985000,7.19E+12,1.22E+14,3.63E+13,2.76E+14
162,9/5/2022,4178.134766,4123.873275,77323800,7.19E+12,1.22E+14,3.63E+13,2.76E+14
163,9/6/2022,4078.655518,4169.091338,61970100,7.19E+12,1.22E+14,3.63E+13,2.76E+14
164,9/7/2022,4060.568115,4069.611697,106145700,7.19E+12,1.22E+14,3.63E+13,2.76E+14
165,9/8/2022,4123.873047,4069.611559,123389200,7.19E+12,1.22E+14,3.63E+13,2.76E+14
166,9/9/2022,4160.047363,4114.829457,50307800,7.19E+12,1.22E+14,3.63E+13,2.76E+14
167,9/12/2022,4105.786133,4160.047624,74820600,7.19E+12,1.22E+14,3.63E+13,2.76E+14
168,9/13/2022,4087.699219,4105.786383,91510200,7.19E+12,1.22E+14,3.63E+13,2.76E+14
169,9/14/2022,4051.524902,4060.568485,97919200,7.19E+12,1.22E+14,3.63E+13,2.76E+14
170,9/15/2022,4069.611816,4105.786144,125599900,7.19E+12,1.22E+14,3.63E+13,2.76E+14
171,9/16/2022,3988.219727,4069.611966,210277300,7.19E+12,1.22E+14,3.63E+13,2.76E+14
172,9/19/2022,4069.611816,4033.437489,116164500,7.19E+12,1.22E+14,3.63E+13,2.76E+14
173,9/20/2022,4051.524902,4096.742814,100743700,7.19E+12,1.22E+14,3.63E+13,2.76E+14
174,9/21/2022,4006.306885,4024.394049,91363200,7.19E+12,1.22E+14,3.63E+13,2.76E+14
175,9/22/2022,4006.306885,3979.176138,89922900,7.19E+12,1.22E+14,3.63E+13,2.76E+14
176,9/23/2022,3961.088623,3979.175786,95911400,7.19E+12,1.22E+14,3.63E+13,2.76E+14
177,9/26/2022,4033.4375,3970.132427,132185400,7.19E+12,1.22E+14,3.63E+13,2.76E+14
178,9/27/2022,4015.350586,4024.394168,123113800,7.19E+12,1.22E+14,3.63E+13,2.76E+14
179,9/28/2022,4042.481201,4006.306873,104385500,7.19E+12,1.22E+14,3.63E+13,2.76E+14
180,9/29/2022,4015.350586,4033.437751,90290400,7.19E+12,1.22E+14,3.63E+13,2.76E+14
181,9/30/2022,4033.4375,3979.176009,111482000,3.27E+12,1.22E+14,3.63E+13,2.76E+14
182,10/3/2022,4033.4375,4033.4375,77569100,3.27E+12,1.22E+14,3.63E+13,2.76E+14
183,10/4/2022,4015.350586,4033.437751,87832800,3.27E+12,1.22E+14,3.63E+13,2.76E+14
184,10/5/2022,4033.4375,4060.568246,61888400,3.27E+12,1.22E+14,3.63E+13,2.76E+14
185,10/6/2022,4006.306885,4033.437631,60464300,3.27E+12,1.22E+14,3.63E+13,2.76E+14
186,10/7/2022,3933.958008,3979.175916,102570000,3.27E+12,1.22E+14,3.63E+13,2.76E+14
187,10/10/2022,3997.263184,3924.914529,72389100,3.27E+12,1.22E+14,3.63E+13,2.76E+14
188,10/11/2022,3897.783936,3943.001847,108794500,3.27E+12,1.22E+14,3.63E+13,2.76E+14
189,10/12/2022,3924.914551,3888.740223,107938600,3.27E+12,1.22E+14,3.63E+13,2.76E+14
190,10/13/2022,3888.740234,3915.87098,70034500,3.27E+12,1.22E+14,3.63E+13,2.76E+14
191,10/14/2022,3879.696777,3943.001853,68096300,3.27E+12,1.22E+14,3.63E+13,2.76E+14
192,10/17/2022,3915.871094,3798.304525,90321700,3.27E+12,1.22E+14,3.63E+13,2.76E+14
193,10/18/2022,3843.522217,3897.783707,72516000,3.27E+12,1.22E+14,3.63E+13,2.76E+14
194,10/19/2022,3798.304443,3816.391607,65848300,3.27E+12,1.22E+14,3.63E+13,2.76E+14
195,10/20/2022,3933.958008,3798.304283,165391500,3.27E+12,1.22E+14,3.63E+13,2.76E+14
196,10/21/2022,3943.001709,3888.740218,79825700,3.27E+12,1.22E+14,3.63E+13,2.76E+14
197,10/24/2022,3988.219727,3961.08898,76777200,3.27E+12,1.22E+14,3.63E+13,2.76E+14
198,10/25/2022,3970.132324,4006.306651,109154300,3.27E+12,1.22E+14,3.63E+13,2.76E+14
199,10/26/2022,3952.04541,3997.263321,97320500,3.27E+12,1.22E+14,3.63E+13,2.76E+14
200,10/27/2022,3952.04541,3970.132575,80270300,3.27E+12,1.22E+14,3.63E+13,2.76E+14
201,10/28/2022,4024.393799,3997.263054,91101500,3.27E+12,1.22E+14,3.63E+13,2.76E+14
202,10/31/2022,3970.132324,4033.437395,162753500,3.27E+12,1.22E+14,3.63E+13,2.76E+14
203,11/1/2022,3997.263184,3997.263184,108592900,3.27E+12,1.22E+14,3.63E+13,2.76E+14
204,11/2/2022,3816.391602,3979.176077,217855200,3.27E+12,1.22E+14,3.63E+13,2.76E+14
205,11/3/2022,3734.999268,3744.042849,231475000,3.27E+12,1.22E+14,3.63E+13,2.76E+14
206,11/4/2022,3807.3479,3680.737756,201183100,3.27E+12,1.22E+14,3.63E+13,2.76E+14
207,11/7/2022,3870.65332,3843.522573,129868800,3.27E+12,1.22E+14,3.63E+13,2.76E+14
208,11/8/2022,3816.391602,3861.609512,110546800,3.27E+12,1.22E+14,3.63E+13,2.76E+14
209,11/9/2022,3789.260986,3798.304569,145833200,3.27E+12,1.22E+14,3.63E+13,2.76E+14
210,11/10/2022,3771.173828,3716.912334,81249200,3.27E+12,1.22E+14,3.63E+13,2.76E+14
211,11/11/2022,3753.08667,3762.130252,227799300,3.27E+12,1.22E+14,3.63E+13,2.76E+14
212,11/14/2022,3662.650635,3698.824962,188771200,3.27E+12,1.22E+14,3.63E+13,2.76E+14
213,11/15/2022,3662.650635,3662.650635,88570400,3.27E+12,1.22E+14,3.63E+13,2.76E+14
214,11/16/2022,3662.650635,3617.432726,149512300,3.27E+12,1.22E+14,3.63E+13,2.76E+14
215,11/17/2022,3653.607178,3635.520013,68616700,3.27E+12,1.22E+14,3.63E+13,2.76E+14
216,11/18/2022,3626.476563,3680.738057,115907900,3.27E+12,1.22E+14,3.63E+13,2.76E+14
217,11/21/2022,3644.563477,3635.519895,45277400,3.27E+12,1.22E+14,3.63E+13,2.76E+14
218,11/22/2022,3617.432861,3635.520026,83888300,3.27E+12,1.22E+14,3.63E+13,2.76E+14
219,11/23/2022,3590.302002,3608.389166,95750400,3.27E+12,1.22E+14,3.63E+13,2.76E+14
220,11/24/2022,3644.563477,3599.345567,50741600,3.27E+12,1.22E+14,3.63E+13,2.76E+14
221,11/25/2022,3644.563477,3626.476313,73305800,3.27E+12,1.22E+14,3.63E+13,2.76E+14
222,11/28/2022,3599.345459,3644.563367,94063100,3.27E+12,1.22E+14,3.63E+13,2.76E+14
223,11/29/2022,3599.345459,3599.345459,94389800,3.27E+12,1.22E+14,3.63E+13,2.76E+14
224,11/30/2022,3653.607178,3590.302103,585687400,3.27E+12,1.22E+14,3.63E+13,2.76E+14
225,12/1/2022,3581.258301,3635.51979,230066600,3.27E+12,1.22E+14,3.63E+13,2.76E+14
226,12/2/2022,3617.432861,3572.214951,113336600,3.27E+12,1.22E+14,3.63E+13,2.76E+14
227,12/5/2022,3472.735352,3599.345495,148751200,3.27E+12,1.22E+14,3.63E+13,2.76E+14
228,12/6/2022,3255.689697,3291.864027,416468700,3.27E+12,1.22E+14,3.63E+13,2.76E+14
229,12/7/2022,3328.038086,3255.689432,278572200,3.27E+12,1.22E+14,3.63E+13,2.76E+14
230,12/8/2022,3382.299805,3346.125475,245646400,3.27E+12,1.22E+14,3.63E+13,2.76E+14
231,12/9/2022,3300.907471,3328.038217,164606100,3.27E+12,1.22E+14,3.63E+13,2.76E+14
232,12/12/2022,3346.125244,3318.994499,170545000,3.27E+12,1.22E+14,3.63E+13,2.76E+14
233,12/13/2022,3391.343262,3337.08177,231127000,3.27E+12,1.22E+14,3.63E+13,2.76E+14
234,12/14/2022,3391.343262,3454.648336,107175700,3.27E+12,1.22E+14,3.63E+13,2.76E+14
235,12/15/2022,3318.994629,3328.038211,143233600,3.27E+12,1.22E+14,3.63E+13,2.76E+14
236,12/16/2022,3328.038086,3264.733014,310944500,3.27E+12,1.22E+14,3.63E+13,2.76E+14
237,12/19/2022,3364.212646,3382.299811,119137700,3.27E+12,1.22E+14,3.63E+13,2.76E+14
238,12/20/2022,3364.212646,3373.256229,55351300,3.27E+12,1.22E+14,3.63E+13,2.76E+14
239,12/21/2022,3427.517578,3337.081758,98741000,3.27E+12,1.22E+14,3.63E+13,2.76E+14
240,12/22/2022,3391.343262,3436.561172,68702100,3.27E+12,1.22E+14,3.63E+13,2.76E+14
241,12/23/2022,3418.473877,3355.168805,45179400,3.27E+12,1.22E+14,3.63E+13,2.76E+14
242,12/26/2022,3391.343262,3418.474008,19216700,3.27E+12,1.22E+14,3.63E+13,2.76E+14
243,12/27/2022,3445.604736,3409.430408,49816500,3.27E+12,1.22E+14,3.63E+13,2.76E+14
244,12/28/2022,3373.256104,3436.561178,65006300,3.27E+12,1.22E+14,3.63E+13,2.76E+14
245,12/29/2022,3418.473877,3364.212387,51703500,3.27E+12,1.22E+14,3.63E+13,2.76E+14
246,12/30/2022,3391.343262,3400.386844,79677300,3.27E+12,1.22E+14,3.63E+13,2.76E+14
247,12/31/2022,3391.343262,3400.386844,79677300,4.17E+12,1.29E+14,2.73E+13,2.75E+14
248,1/2/2023,3436.561035,3391.343127,7959900,4.17E+12,1.29E+14,2.73E+13,2.75E+14
249,1/3/2023,3490.822754,3427.517678,64235000,4.17E+12,1.29E+14,2.73E+13,2.75E+14
250,1/4/2023,3454.648193,3472.735357,56785600,4.17E+12,1.29E+14,2.73E+13,2.75E+14
251,1/5/2023,3409.43042,3436.561166,135167000,4.17E+12,1.29E+14,2.73E+13,2.75E+14
252,1/6/2023,3355.168701,3391.343027,65207400,4.17E+12,1.29E+14,2.73E+13,2.75E+14
253,1/9/2023,3427.517578,3373.256086,46616400,4.17E+12,1.29E+14,2.73E+13,2.75E+14
254,1/10/2023,3463.691895,3445.604731,80009900,4.17E+12,1.29E+14,2.73E+13,2.75E+14
255,1/11/2023,3499.866211,3454.648301,75139300,4.17E+12,1.29E+14,2.73E+13,2.75E+14
256,1/12/2023,3490.822754,3427.517678,105775500,4.17E+12,1.29E+14,2.73E+13,2.75E+14
257,1/13/2023,3418.473877,3454.648204,85780600,4.17E+12,1.29E+14,2.73E+13,2.75E+14
258,1/16/2023,3481.779053,3418.473979,58918700,4.17E+12,1.29E+14,2.73E+13,2.75E+14
259,1/17/2023,3572.214844,3499.866189,132256600,4.17E+12,1.29E+14,2.73E+13,2.75E+14
260,1/18/2023,3554.127686,3626.476341,94772000,4.17E+12,1.29E+14,2.73E+13,2.75E+14
261,1/19/2023,3517.953369,3526.996951,109555200,4.17E+12,1.29E+14,2.73E+13,2.75E+14
262,1/20/2023,3499.866211,3536.040539,88457800,4.17E+12,1.29E+14,2.73E+13,2.75E+14
263,1/24/2023,3481.779053,3517.953381,45504900,4.17E+12,1.29E+14,2.73E+13,2.75E+14
264,1/25/2023,3472.735352,3481.778933,80575100,4.17E+12,1.29E+14,2.73E+13,2.75E+14
265,1/26/2023,3590.302002,3481.77902,117238000,4.17E+12,1.29E+14,2.73E+13,2.75E+14
266,1/27/2023,3581.258301,3590.301882,100769500,4.17E+12,1.29E+14,2.73E+13,2.75E+14
267,1/30/2023,3581.258301,3581.258301,59425300,4.17E+12,1.29E+14,2.73E+13,2.75E+14
268,1/31/2023,3481.779053,3563.17129,179726700,4.17E+12,1.29E+14,2.73E+13,2.75E+14
269,2/1/2023,3499.866211,3481.779047,70997300,4.17E+12,1.29E+14,2.73E+13,2.75E+14
270,2/2/2023,3517.953369,3481.779041,78852300,4.17E+12,1.29E+14,2.73E+13,2.75E+14
271,2/3/2023,3508.909912,3536.040659,55154800,4.17E+12,1.29E+14,2.73E+13,2.75E+14
272,2/6/2023,3508.909912,3490.822748,58861300,4.17E+12,1.29E+14,2.73E+13,2.75E+14
273,2/7/2023,3436.561035,3508.909689,76254900,4.17E+12,1.29E+14,2.73E+13,2.75E+14
274,2/8/2023,3472.735352,3436.561025,65856500,4.17E+12,1.29E+14,2.73E+13,2.75E+14
275,2/9/2023,3409.43042,3472.735494,91337300,4.17E+12,1.29E+14,2.73E+13,2.75E+14
276,2/10/2023,3436.561035,3391.343127,88759600,4.17E+12,1.29E+14,2.73E+13,2.75E+14
277,2/13/2023,3427.517578,3436.56116,69004400,4.17E+12,1.29E+14,2.73E+13,2.75E+14
278,2/14/2023,3436.561035,3463.69178,80331100,4.17E+12,1.29E+14,2.73E+13,2.75E+14
279,2/15/2023,3427.517578,3445.604742,59028200,4.17E+12,1.29E+14,2.73E+13,2.75E+14
280,2/16/2023,3409.43042,3436.561166,49869900,4.17E+12,1.29E+14,2.73E+13,2.75E+14
281,2/17/2023,3400.386963,3409.430545,50369000,4.17E+12,1.29E+14,2.73E+13,2.75E+14
282,2/20/2023,3454.648193,3400.386703,57438900,4.17E+12,1.29E+14,2.73E+13,2.75E+14
283,2/21/2023,3472.735352,3481.778933,63880300,4.17E+12,1.29E+14,2.73E+13,2.75E+14
284,2/22/2023,3490.822754,3481.779172,48505600,4.17E+12,1.29E+14,2.73E+13,2.75E+14
285,2/23/2023,3590.302002,3572.214838,109147100,4.17E+12,1.29E+14,2.73E+13,2.75E+14
286,2/24/2023,3653.607178,3617.432849,142165700,4.17E+12,1.29E+14,2.73E+13,2.75E+14
287,2/27/2023,3581.258301,3608.389045,66461600,4.17E+12,1.29E+14,2.73E+13,2.75E+14
288,2/28/2023,3508.909912,3554.127823,115766900,4.17E+12,1.29E+14,2.73E+13,2.75E+14
289,3/1/2023,3554.127686,3554.127686,47395200,4.17E+12,1.29E+14,2.73E+13,2.75E+14
290,3/2/2023,3508.909912,3526.997077,43208800,4.17E+12,1.29E+14,2.73E+13,2.75E+14
291,3/3/2023,3526.99707,3508.909906,49796000,4.17E+12,1.29E+14,2.73E+13,2.75E+14
292,3/6/2023,3508.909912,3563.171406,50103800,4.17E+12,1.29E+14,2.73E+13,2.75E+14
293,3/7/2023,3508.909912,3517.953494,59086800,4.17E+12,1.29E+14,2.73E+13,2.75E+14
294,3/8/2023,3563.171387,3481.779147,78551000,4.17E+12,1.29E+14,2.73E+13,2.75E+14
295,3/9/2023,3590.302002,3590.302002,68725500,4.17E+12,1.29E+14,2.73E+13,2.75E+14
296,3/10/2023,3626.476563,3581.25865,76136200,4.17E+12,1.29E+14,2.73E+13,2.75E+14
297,3/13/2023,3680.737793,3635.519884,104663300,4.17E+12,1.29E+14,2.73E+13,2.75E+14
298,3/14/2023,3635.52002,3644.563602,111430100,4.17E+12,1.29E+14,2.73E+13,2.75E+14
299,3/15/2023,3626.476563,3662.650892,65025400,4.17E+12,1.29E+14,2.73E+13,2.75E+14
300,3/16/2023,3662.650635,3653.607053,96707900,4.17E+12,1.29E+14,2.73E+13,2.75E+14
301,3/17/2023,3662.650635,3698.824962,232270900,4.17E+12,1.29E+14,2.73E+13,2.75E+14
302,3/20/2023,3608.38916,3662.650651,105982700,4.17E+12,1.29E+14,2.73E+13,2.75E+14
303,3/21/2023,3725.955566,3617.432589,88808200,4.17E+12,1.29E+14,2.73E+13,2.75E+14
304,3/24/2023,3680.737793,3707.868538,96214700,4.17E+12,1.29E+14,2.73E+13,2.75E+14
305,3/27/2023,3662.650635,3707.868544,71556400,4.17E+12,1.29E+14,2.73E+13,2.75E+14
306,3/28/2023,3662.650635,3707.868544,87955300,4.17E+12,1.29E+14,2.73E+13,2.75E+14
307,3/29/2023,3707.868652,3698.82507,113504700,4.17E+12,1.29E+14,2.73E+13,2.75E+14
308,3/30/2023,3698.824951,3662.650624,87690800,4.17E+12,1.29E+14,2.73E+13,2.75E+14
309,3/31/2023,3671.694336,3716.912246,93699000,6.42E+12,1.29E+14,2.73E+13,2.75E+14
310,4/3/2023,3689.781494,3707.868658,56896200,6.42E+12,1.29E+14,2.73E+13,2.75E+14
311,4/4/2023,3671.694336,3689.7815,82969200,6.42E+12,1.29E+14,2.73E+13,2.75E+14
312,4/5/2023,3753.08667,3707.868758,70419100,6.42E+12,1.29E+14,2.73E+13,2.75E+14
313,4/6/2023,3843.522217,3798.304308,125329700,6.42E+12,1.29E+14,2.73E+13,2.75E+14
314,4/10/2023,3888.740234,3843.522325,85757900,6.42E+12,1.29E+14,2.73E+13,2.75E+14
315,4/11/2023,3888.740234,3879.696652,84322900,6.42E+12,1.29E+14,2.73E+13,2.75E+14
316,4/12/2023,3897.783936,3906.827518,178923700,6.42E+12,1.29E+14,2.73E+13,2.75E+14
317,4/13/2023,3924.914551,3924.914551,119431600,6.42E+12,1.29E+14,2.73E+13,2.75E+14
318,4/14/2023,3924.914551,3924.914551,117305500,6.42E+12,1.29E+14,2.73E+13,2.75E+14
319,4/17/2023,3861.609375,3924.914447,59688000,6.42E+12,1.29E+14,2.73E+13,2.75E+14
320,4/18/2023,3861.609375,3834.47863,65644600,6.42E+12,1.29E+14,2.73E+13,2.75E+14
321,4/26/2023,3979.176025,4051.52468,198984100,6.42E+12,1.29E+14,2.73E+13,2.75E+14
322,4/27/2023,3906.827393,4024.393958,58407000,6.42E+12,1.29E+14,2.73E+13,2.75E+14
323,4/28/2023,3843.522217,3861.60938,112116900,6.42E+12,1.29E+14,2.73E+13,2.75E+14
324,5/2/2023,3789.260986,3807.348151,117097400,6.42E+12,1.29E+14,2.73E+13,2.75E+14
325,5/3/2023,3753.08667,3798.304582,158597800,6.42E+12,1.29E+14,2.73E+13,2.75E+14
326,5/4/2023,3753.08667,3771.173835,98421300,6.42E+12,1.29E+14,2.73E+13,2.75E+14
327,5/5/2023,3771.173828,3762.130246,113408100,6.42E+12,1.29E+14,2.73E+13,2.75E+14
328,5/8/2023,3671.694336,3771.173739,121002600,6.42E+12,1.29E+14,2.73E+13,2.75E+14
329,5/9/2023,3680.737793,3662.650629,105907900,6.42E+12,1.29E+14,2.73E+13,2.75E+14
330,5/10/2023,3734.999268,3662.650613,84306600,6.42E+12,1.29E+14,2.73E+13,2.75E+14
331,5/11/2023,3698.824951,3707.868533,74171300,6.42E+12,1.29E+14,2.73E+13,2.75E+14
332,5/12/2023,3599.345459,3662.65053,236777600,6.42E+12,1.29E+14,2.73E+13,2.75E+14
333,5/15/2023,3599.345459,3608.389041,113329300,6.42E+12,1.29E+14,2.73E+13,2.75E+14
334,5/16/2023,3599.345459,3635.519785,68777200,6.42E+12,1.29E+14,2.73E+13,2.75E+14
335,5/17/2023,3608.38916,3599.345578,83183300,6.42E+12,1.29E+14,2.73E+13,2.75E+14
336,5/19/2023,3635.52002,3608.389273,95986000,6.42E+12,1.29E+14,2.73E+13,2.75E+14
337,5/22/2023,3653.607178,3617.432849,115578100,6.42E+12,1.29E+14,2.73E+13,2.75E+14
338,5/23/2023,3653.607178,3644.563596,132751000,6.42E+12,1.29E+14,2.73E+13,2.75E+14
339,5/24/2023,3762.130127,3635.519978,194127500,6.42E+12,1.29E+14,2.73E+13,2.75E+14
340,5/25/2023,3725.955566,3789.260637,122121000,6.42E+12,1.29E+14,2.73E+13,2.75E+14
341,5/26/2023,3734.999268,3744.042849,62211800,6.42E+12,1.29E+14,2.73E+13,2.75E+14
342,5/29/2023,3798.304443,3725.955787,77540300,6.42E+12,1.29E+14,2.73E+13,2.75E+14
343,5/30/2023,3725.955566,3744.042729,78924700,6.42E+12,1.29E+14,2.73E+13,2.75E+14
344,5/31/2023,3653.607178,3725.955835,1155861400,6.42E+12,1.29E+14,2.73E+13,2.75E+14
345,6/5/2023,3689.781494,3671.69433,189129300,6.42E+12,1.29E+14,2.73E+13,2.75E+14
346,6/6/2023,3698.824951,3698.824951,95792700,6.42E+12,1.29E+14,2.73E+13,2.75E+14
347,6/7/2023,3753.08667,3707.868758,127707400,6.42E+12,1.29E+14,2.73E+13,2.75E+14
348,6/8/2023,3771.173828,3762.130246,78989700,6.42E+12,1.29E+14,2.73E+13,2.75E+14
349,6/9/2023,3753.08667,3771.173835,83014700,6.42E+12,1.29E+14,2.73E+13,2.75E+14
350,6/12/2023,3816.792725,3807.368545,94687300,6.42E+12,1.29E+14,2.73E+13,2.75E+14
351,6/13/2023,3797.944336,3807.368515,69609000,6.42E+12,1.29E+14,2.73E+13,2.75E+14
352,6/14/2023,3769.671875,3788.520234,110730800,6.42E+12,1.29E+14,2.73E+13,2.75E+14
353,6/15/2023,3788.520264,3760.247724,85391800,6.42E+12,1.29E+14,2.73E+13,2.75E+14
354,6/16/2023,3741.399414,3788.520313,160978900,6.42E+12,1.29E+14,2.73E+13,2.75E+14
355,6/19/2023,3731.975098,3731.975098,54934100,6.42E+12,1.29E+14,2.73E+13,2.75E+14
356,6/20/2023,3760.247803,3750.823623,55155600,6.42E+12,1.29E+14,2.73E+13,2.75E+14
357,6/21/2023,3750.823486,3741.399307,60191300,6.42E+12,1.29E+14,2.73E+13,2.75E+14
358,6/22/2023,3713.126953,3750.823673,56150900,6.42E+12,1.29E+14,2.73E+13,2.75E+14
359,6/23/2023,3722.551025,3713.126846,41812400,6.42E+12,1.29E+14,2.73E+13,2.75E+14
360,6/26/2023,3760.247803,3713.126903,36011500,6.42E+12,1.29E+14,2.73E+13,2.75E+14
361,6/27/2023,3769.671875,3797.944414,64879900,6.33E+11,1.29E+14,2.73E+13,2.75E+14
362,7/3/2023,3769.671875,3797.944414,75193200,6.33E+11,1.29E+14,2.73E+13,2.75E+14
363,7/4/2023,3741.399414,3769.671954,33974300,6.33E+11,1.29E+14,2.73E+13,2.75E+14
364,7/5/2023,3750.823486,3741.399307,43303000,6.33E+11,1.29E+14,2.73E+13,2.75E+14
365,7/6/2023,3731.975098,3741.399277,68088900,6.33E+11,1.29E+14,2.73E+13,2.75E+14
366,7/7/2023,3731.975098,3731.975098,50474800,6.33E+11,1.29E+14,2.73E+13,2.75E+14
367,7/10/2023,3722.551025,3731.975205,65643300,6.33E+11,1.29E+14,2.73E+13,2.75E+14
368,7/11/2023,3750.823486,3722.550947,89768500,6.33E+11,1.29E+14,2.73E+13,2.75E+14
369,7/12/2023,3750.823486,3750.823486,73770400,6.33E+11,1.29E+14,2.73E+13,2.75E+14
370,7/13/2023,3694.278564,3731.975284,83009900,6.33E+11,1.29E+14,2.73E+13,2.75E+14
371,7/14/2023,3703.702637,3731.975176,64886900,6.33E+11,1.29E+14,2.73E+13,2.75E+14
372,7/17/2023,3684.854248,3722.550967,81399700,6.33E+11,1.29E+14,2.73E+13,2.75E+14
373,7/18/2023,3628.309326,3703.702767,135860500,6.33E+11,1.29E+14,2.73E+13,2.75E+14
374,7/20/2023,3628.309326,3600.036786,88907600,6.33E+11,1.29E+14,2.73E+13,2.75E+14
375,7/21/2023,3637.733398,3618.885039,53955100,6.33E+11,1.29E+14,2.73E+13,2.75E+14
376,7/24/2023,3675.430176,3656.581816,80710100,6.33E+11,1.29E+14,2.73E+13,2.75E+14
377,7/25/2023,3656.581787,3694.278507,66434400,6.33E+11,1.29E+14,2.73E+13,2.75E+14
378,7/26/2023,3656.581787,3666.005967,86732900,6.33E+11,1.29E+14,2.73E+13,2.75E+14
379,7/27/2023,3505.794922,3618.885081,235026400,6.33E+11,1.29E+14,2.73E+13,2.75E+14
380,7/28/2023,3505.794922,3496.370742,181626700,6.33E+11,1.29E+14,2.73E+13,2.75E+14
381,7/31/2023,3505.794922,3486.946562,153583300,6.33E+11,1.29E+14,2.73E+13,2.75E+14
382,8/1/2023,3534.067383,3486.946484,97680500,6.33E+11,1.29E+14,2.73E+13,2.75E+14
383,8/2/2023,3477.522461,3524.643361,121333500,6.33E+11,1.29E+14,2.73E+13,2.75E+14
384,8/3/2023,3505.794922,3458.674022,82013300,6.33E+11,1.29E+14,2.73E+13,2.75E+14
385,8/4/2023,3477.522461,3505.795001,67746800,6.33E+11,1.29E+14,2.73E+13,2.75E+14
386,8/7/2023,3468.098145,3486.946504,94909700,6.33E+11,1.29E+14,2.73E+13,2.75E+14
387,8/8/2023,3515.218994,3468.098096,116329400,6.33E+11,1.29E+14,2.73E+13,2.75E+14
388,8/9/2023,3552.915771,3534.067412,129416100,6.33E+11,1.29E+14,2.73E+13,2.75E+14
389,8/10/2023,3581.188232,3581.188232,140158900,6.33E+11,1.29E+14,2.73E+13,2.75E+14
390,8/11/2023,3590.612549,3609.460909,109714400,6.33E+11,1.29E+14,2.73E+13,2.75E+14
391,8/14/2023,3609.460938,3590.612578,86871800,6.33E+11,1.29E+14,2.73E+13,2.75E+14
392,8/15/2023,3600.036621,3581.188262,80015200,6.33E+11,1.29E+14,2.73E+13,2.75E+14
393,8/16/2023,3609.460938,3571.764218,81507800,6.33E+11,1.29E+14,2.73E+13,2.75E+14
394,8/18/2023,3543.491699,3571.764239,108780100,6.33E+11,1.29E+14,2.73E+13,2.75E+14
395,8/21/2023,3524.643311,3543.49167,64449000,6.33E+11,1.29E+14,2.73E+13,2.75E+14
396,8/22/2023,3534.067383,3524.643203,98059600,6.33E+11,1.29E+14,2.73E+13,2.75E+14
397,8/23/2023,3524.643311,3534.067491,84842500,6.33E+11,1.29E+14,2.73E+13,2.75E+14
398,8/24/2023,3505.794922,3515.219102,82789700,6.33E+11,1.29E+14,2.73E+13,2.75E+14
399,8/25/2023,3505.794922,3486.946562,42049200,6.33E+11,1.29E+14,2.73E+13,2.75E+14
400,8/28/2023,3486.946533,3515.219073,37727500,6.33E+11,1.29E+14,2.73E+13,2.75E+14
401,8/29/2023,3505.794922,3486.946562,53453600,6.33E+11,1.29E+14,2.73E+13,2.75E+14
402,8/30/2023,3590.612549,3515.219109,130027200,6.33E+11,1.29E+14,2.73E+13,2.75E+14
403,8/31/2023,3515.218994,3590.612431,227635800,6.33E+11,1.29E+14,2.73E+13,2.75E+14
404,9/1/2023,3505.794922,3496.370742,82253200,6.33E+11,1.29E+14,2.73E+13,2.75E+14
405,9/4/2023,3515.218994,3505.794815,55881900,6.33E+11,1.29E+14,2.73E+13,2.75E+14
406,9/5/2023,3524.643311,3515.219131,62933300,6.33E+11,1.29E+14,2.73E+13,2.75E+14
407,9/6/2023,3571.76416,3534.067441,98673400,6.33E+11,1.29E+14,2.73E+13,2.75E+14
408,9/7/2023,3543.491699,3562.340059,63054500,6.33E+11,1.29E+14,2.73E+13,2.75E+14
409,9/8/2023,3477.522461,3552.915902,143090100,6.33E+11,1.29E+14,2.73E+13,2.75E+14
410,9/11/2023,3486.946533,3496.370713,76577500,6.33E+11,1.29E+14,2.73E+13,2.75E+14
411,9/12/2023,3496.370605,3486.946426,72170600,6.33E+11,1.29E+14,2.73E+13,2.75E+14
412,9/13/2023,3496.370605,3505.794785,82635900,6.33E+11,1.29E+14,2.73E+13,2.75E+14
413,9/14/2023,3468.098145,3496.370684,55532900,6.33E+11,1.29E+14,2.73E+13,2.75E+14
414,9/15/2023,3505.794922,3468.098202,147757300,6.33E+11,1.29E+14,2.73E+13,2.75E+14
415,9/18/2023,3468.098145,3486.946504,40645900,6.33E+11,1.29E+14,2.73E+13,2.75E+14
416,9/19/2023,3515.218994,3477.522276,38375000,6.33E+11,1.29E+14,2.73E+13,2.75E+14
417,9/20/2023,3590.612549,3524.643289,171751900,6.33E+11,1.29E+14,2.73E+13,2.75E+14
418,9/21/2023,3590.612549,3590.612549,94880700,6.33E+11,1.29E+14,2.73E+13,2.75E+14
419,9/22/2023,3637.733398,3609.460859,101185700,6.33E+11,1.29E+14,2.73E+13,2.75E+14
420,9/25/2023,3552.915771,3590.612491,125817700,6.33E+11,1.29E+14,2.73E+13,2.75E+14
421,9/26/2023,3543.491699,3552.915879,74734500,6.33E+11,1.29E+14,2.73E+13,2.75E+14
422,9/27/2023,3505.794922,3534.067462,83337700,6.33E+11,1.29E+14,2.73E+13,2.75E+14
423,9/29/2023,3534.067383,3515.219023,66219300,6.33E+11,1.29E+14,2.73E+13,2.75E+14
424,9/30/2023,3534.067383,3515.219023,66219300,6.74E+12,1.29E+14,2.73E+13,2.75E+14
425,10/2/2023,3534.067383,3534.067383,71945000,6.74E+12,1.29E+14,2.73E+13,2.75E+14
426,10/3/2023,3552.915771,3534.067412,61155100,6.74E+12,1.29E+14,2.73E+13,2.75E+14
427,10/4/2023,3562.339844,3581.188203,77527700,6.74E+12,1.29E+14,2.73E+13,2.75E+14
428,10/5/2023,3505.794922,3571.764181,81258900,6.74E+12,1.29E+14,2.73E+13,2.75E+14
429,10/6/2023,3562.339844,3562.339844,60156100,6.74E+12,1.29E+14,2.73E+13,2.75E+14
430,10/9/2023,3543.491699,3552.915879,37711400,6.74E+12,1.29E+14,2.73E+13,2.75E+14
431,10/10/2023,3590.612549,3562.340009,51167900,6.74E+12,1.29E+14,2.73E+13,2.75E+14
432,10/11/2023,3562.339844,3562.339844,83154300,6.74E+12,1.29E+14,2.73E+13,2.75E+14
433,10/12/2023,3609.460938,3600.036758,101645100,6.74E+12,1.29E+14,2.73E+13,2.75E+14
434,10/13/2023,3628.309326,3600.036786,48856500,6.74E+12,1.29E+14,2.73E+13,2.75E+14
435,10/16/2023,3543.491699,3628.30932,117472800,6.74E+12,1.29E+14,2.73E+13,2.75E+14
436,10/17/2023,3571.76416,3562.33998,57046900,6.74E+12,1.29E+14,2.73E+13,2.75E+14
437,10/18/2023,3534.067383,3552.915742,64910600,6.74E+12,1.29E+14,2.73E+13,2.75E+14
438,10/19/2023,3515.218994,3515.218994,62296900,6.74E+12,1.29E+14,2.73E+13,2.75E+14
439,10/20/2023,3486.946533,3505.794893,38978200,6.74E+12,1.29E+14,2.73E+13,2.75E+14
440,10/23/2023,3402.128906,3496.370704,69428400,6.74E+12,1.29E+14,2.73E+13,2.75E+14
441,10/24/2023,3439.825684,3430.401504,67041700,6.74E+12,1.29E+14,2.73E+13,2.75E+14
442,10/25/2023,3392.704834,3439.825734,89567900,6.74E+12,1.29E+14,2.73E+13,2.75E+14
443,10/26/2023,3279.614502,3392.704657,141139700,6.74E+12,1.29E+14,2.73E+13,2.75E+14
444,10/27/2023,3298.462891,3279.614531,99607000,6.74E+12,1.29E+14,2.73E+13,2.75E+14
445,10/30/2023,3223.06958,3298.463021,82945500,6.74E+12,1.29E+14,2.73E+13,2.75E+14
446,10/31/2023,3289.038818,3204.221198,66801600,6.74E+12,1.29E+14,2.73E+13,2.75E+14
447,11/1/2023,3411.552979,3392.70462,154441100,6.74E+12,1.29E+14,2.73E+13,2.75E+14
448,11/2/2023,3411.552979,3477.522235,69582500,6.74E+12,1.29E+14,2.73E+13,2.75E+14
449,11/3/2023,3364.432129,3383.280488,85146800,6.74E+12,1.29E+14,2.73E+13,2.75E+14
450,11/6/2023,3439.825684,3402.128964,66902400,6.74E+12,1.29E+14,2.73E+13,2.75E+14
451,11/7/2023,3364.432129,3392.704668,103642200,6.74E+12,1.29E+14,2.73E+13,2.75E+14
452,11/8/2023,3317.311279,3317.311279,103415400,6.74E+12,1.29E+14,2.73E+13,2.75E+14
453,11/9/2023,3326.735352,3298.462813,96594900,6.74E+12,1.29E+14,2.73E+13,2.75E+14
454,11/10/2023,3345.58374,3317.311202,48619500,6.74E+12,1.29E+14,2.73E+13,2.75E+14
455,11/13/2023,3317.311279,3364.432178,37975400,6.74E+12,1.29E+14,2.73E+13,2.75E+14
456,11/14/2023,3298.462891,3298.462891,45987000,6.74E+12,1.29E+14,2.73E+13,2.75E+14
457,11/15/2023,3345.58374,3317.311202,114104500,6.74E+12,1.29E+14,2.73E+13,2.75E+14
458,11/16/2023,3336.159668,3345.583848,41789400,6.74E+12,1.29E+14,2.73E+13,2.75E+14
459,11/17/2023,3345.58374,3326.735381,55585600,6.74E+12,1.29E+14,2.73E+13,2.75E+14
460,11/20/2023,3383.280518,3355.007978,39932700,6.74E+12,1.29E+14,2.73E+13,2.75E+14
461,11/21/2023,3411.552979,3383.28044,68255800,6.74E+12,1.29E+14,2.73E+13,2.75E+14
462,11/22/2023,3402.128906,3402.128906,34555300,6.74E+12,1.29E+14,2.73E+13,2.75E+14
463,11/23/2023,3392.704834,3402.129014,57385100,6.74E+12,1.29E+14,2.73E+13,2.75E+14
464,11/24/2023,3411.552979,3392.70462,34583700,6.74E+12,1.29E+14,2.73E+13,2.75E+14
465,11/27/2023,3468.098145,3430.401426,73888700,6.74E+12,1.29E+14,2.73E+13,2.75E+14
466,11/28/2023,3552.915771,3468.098154,106829100,6.74E+12,1.29E+14,2.73E+13,2.75E+14
467,11/29/2023,3505.794922,3534.067462,56467400,6.74E+12,1.29E+14,2.73E+13,2.75E+14
468,11/30/2023,3543.491699,3534.067519,258522400,6.74E+12,1.29E+14,2.73E+13,2.75E+14
469,12/1/2023,3609.460938,3571.764218,81037200,6.74E+12,1.29E+14,2.73E+13,2.75E+14
470,12/4/2023,3590.612549,3618.885089,118483900,6.74E+12,1.29E+14,2.73E+13,2.75E+14
471,12/5/2023,3628.309326,3609.460966,74608900,6.74E+12,1.29E+14,2.73E+13,2.75E+14
472,12/6/2023,3694.278564,3675.430204,149345100,6.74E+12,1.29E+14,2.73E+13,2.75E+14
473,12/7/2023,3684.854248,3722.550967,91076200,6.74E+12,1.29E+14,2.73E+13,2.75E+14
474,12/8/2023,3713.126953,3713.126953,61476300,6.74E+12,1.29E+14,2.73E+13,2.75E+14
475,12/11/2023,3750.823486,3647.157511,99365500,6.74E+12,1.29E+14,2.73E+13,2.75E+14
476,12/12/2023,3684.854248,3713.126787,58707700,6.74E+12,1.29E+14,2.73E+13,2.75E+14
477,12/13/2023,3694.278564,3647.157664,54386800,6.74E+12,1.29E+14,2.73E+13,2.75E+14
478,12/14/2023,3713.126953,3656.581873,70705300,6.74E+12,1.29E+14,2.73E+13,2.75E+14
479,12/15/2023,3750.823486,3713.126768,109064200,6.74E+12,1.29E+14,2.73E+13,2.75E+14
480,12/18/2023,3741.399414,3713.126874,60940400,6.74E+12,1.29E+14,2.73E+13,2.75E+14
481,12/19/2023,3741.399414,3722.551054,32984500,6.74E+12,1.29E+14,2.73E+13,2.75E+14
482,12/20/2023,3731.975098,3731.975098,59574800,6.74E+12,1.29E+14,2.73E+13,2.75E+14
483,12/21/2023,3722.551025,3731.975205,48242100,6.74E+12,1.29E+14,2.73E+13,2.75E+14
484,12/22/2023,3731.975098,3750.823457,28222700,6.74E+12,1.29E+14,2.73E+13,2.75E+14
485,12/27/2023,3713.126953,3760.247854,73157200,6.74E+12,1.29E+14,2.73E+13,2.75E+14
486,12/28/2023,3731.975098,3731.975098,34024400,6.74E+12,1.29E+14,2.73E+13,2.75E+14
487,12/29/2023,3722.551025,3731.975205,27497600,6.74E+12,1.29E+14,2.73E+13,2.75E+14
488,12/31/2023,3722.551025,3731.975205,27497600,5.60E+12,1.36E+14,2.78E+13,2.87E+14
489,1/2/2024,3760.247803,3722.551083,23774100,5.60E+12,1.36E+14,2.78E+13,2.87E+14
490,1/3/2024,3731.975098,3760.247636,22018500,5.60E+12,1.36E+14,2.78E+13,2.87E+14
491,1/4/2024,3741.399414,3750.823594,33922400,5.60E+12,1.36E+14,2.78E+13,2.87E+14
492,1/5/2024,3666.005859,3722.550937,69268000,5.60E+12,1.36E+14,2.78E+13,2.87E+14
493,1/8/2024,3666.005859,3666.005859,61064100,5.60E+12,1.36E+14,2.78E+13,2.87E+14
494,1/9/2024,3731.975098,3703.702559,64015400,5.60E+12,1.36E+14,2.78E+13,2.87E+14
495,1/10/2024,3769.671875,3769.671875,99083600,5.60E+12,1.36E+14,2.78E+13,2.87E+14
496,1/11/2024,3760.247803,3807.368703,36333300,5.60E+12,1.36E+14,2.78E+13,2.87E+14
497,1/12/2024,3779.096191,3741.399471,53685600,5.60E+12,1.36E+14,2.78E+13,2.87E+14
498,1/15/2024,3769.671875,3807.368594,38339500,5.60E+12,1.36E+14,2.78E+13,2.87E+14
499,1/16/2024,3779.096191,3788.520371,44782300,5.60E+12,1.36E+14,2.78E+13,2.87E+14
500,1/17/2024,3760.247803,3769.671983,62728400,5.60E+12,1.36E+14,2.78E+13,2.87E+14
501,1/18/2024,3722.551025,3760.247745,73029300,5.60E+12,1.36E+14,2.78E+13,2.87E+14
502,1/19/2024,3713.126953,3722.551133,67016100,5.60E+12,1.36E+14,2.78E+13,2.87E+14
503,1/22/2024,3750.823486,3750.823486,50643700,5.60E+12,1.36E+14,2.78E+13,2.87E+14
504,1/23/2024,3722.551025,3769.671924,72595400,5.60E+12,1.36E+14,2.78E+13,2.87E+14
505,1/24/2024,3741.399414,3722.551054,38732000,5.60E+12,1.36E+14,2.78E+13,2.87E+14
506,1/25/2024,3750.823486,3750.823486,58541300,5.60E+12,1.36E+14,2.78E+13,2.87E+14
507,1/26/2024,3750.823486,3713.126768,65272600,5.60E+12,1.36E+14,2.78E+13,2.87E+14
508,1/29/2024,3779.096191,3769.672011,59150000,5.60E+12,1.36E+14,2.78E+13,2.87E+14
509,1/30/2024,3769.671875,3769.671875,66906900,5.60E+12,1.36E+14,2.78E+13,2.87E+14
510,1/31/2024,3731.975098,3769.671816,100403700,5.60E+12,1.36E+14,2.78E+13,2.87E+14
511,2/1/2024,3807.368652,3741.399394,105414400,5.60E+12,1.36E+14,2.78E+13,2.87E+14
512,2/2/2024,3760.247803,3797.944523,96180000,5.60E+12,1.36E+14,2.78E+13,2.87E+14
513,2/5/2024,3750.823486,3779.096025,57789500,5.60E+12,1.36E+14,2.78E+13,2.87E+14
514,2/6/2024,3750.823486,3741.399307,65167500,5.60E+12,1.36E+14,2.78E+13,2.87E+14
515,2/7/2024,3750.823486,3779.096025,53084600,5.60E+12,1.36E+14,2.78E+13,2.87E+14
516,2/12/2024,3769.671875,3769.671875,85763200,5.60E+12,1.36E+14,2.78E+13,2.87E+14
517,2/13/2024,3750.823486,3779.096025,52020300,5.60E+12,1.36E+14,2.78E+13,2.87E+14
518,2/15/2024,3797.944336,3807.368515,129347900,5.60E+12,1.36E+14,2.78E+13,2.87E+14
519,2/16/2024,3920.45874,3816.792764,244064200,5.60E+12,1.36E+14,2.78E+13,2.87E+14
520,2/19/2024,3920.45874,3892.186201,82867500,5.60E+12,1.36E+14,2.78E+13,2.87E+14
521,2/20/2024,3967.57959,3958.15541,267636700,5.60E+12,1.36E+14,2.78E+13,2.87E+14
522,2/21/2024,3939.307129,3948.731309,152787100,5.60E+12,1.36E+14,2.78E+13,2.87E+14
523,2/22/2024,3854.489502,3892.186221,93555100,5.60E+12,1.36E+14,2.78E+13,2.87E+14
524,2/23/2024,3863.913818,3835.641278,87665800,5.60E+12,1.36E+14,2.78E+13,2.87E+14
525,2/26/2024,3854.489502,3826.216963,55761700,5.60E+12,1.36E+14,2.78E+13,2.87E+14
526,2/27/2024,3760.247803,3816.792882,119637000,5.60E+12,1.36E+14,2.78E+13,2.87E+14
527,2/28/2024,3760.247803,3750.823623,77255300,5.60E+12,1.36E+14,2.78E+13,2.87E+14
528,2/29/2024,3769.671875,3788.520234,157431900,5.60E+12,1.36E+14,2.78E+13,2.87E+14
529,3/1/2024,3694.278564,3722.551104,139582000,5.60E+12,1.36E+14,2.78E+13,2.87E+14
530,3/4/2024,3713.126953,3731.975313,81580800,5.60E+12,1.36E+14,2.78E+13,2.87E+14
531,3/5/2024,3647.157471,3656.58165,100671500,5.60E+12,1.36E+14,2.78E+13,2.87E+14
532,3/6/2024,3675.430176,3647.157636,83251500,5.60E+12,1.36E+14,2.78E+13,2.87E+14
533,3/7/2024,3675.430176,3675.430176,86888100,5.60E+12,1.36E+14,2.78E+13,2.87E+14
534,3/8/2024,3637.733398,3675.430118,101556500,5.60E+12,1.36E+14,2.78E+13,2.87E+14
535,3/13/2024,3675.430176,3684.854356,106191400,5.60E+12,1.36E+14,2.78E+13,2.87E+14
536,3/14/2024,3731.975098,3703.702559,122570700,5.60E+12,1.36E+14,2.78E+13,2.87E+14
537,3/15/2024,3741.399414,3769.671954,184885900,5.60E+12,1.36E+14,2.78E+13,2.87E+14
538,3/18/2024,3694.278564,3731.975284,57508300,5.60E+12,1.36E+14,2.78E+13,2.87E+14
539,3/19/2024,3713.126953,3750.823673,51629700,5.60E+12,1.36E+14,2.78E+13,2.87E+14
540,3/20/2024,3703.702637,3684.854277,84777400,5.60E+12,1.36E+14,2.78E+13,2.87E+14
541,3/21/2024,3666.005859,3703.702578,81520900,5.60E+12,1.36E+14,2.78E+13,2.87E+14
542,3/22/2024,3675.430176,3675.430176,44501700,5.60E+12,1.36E+14,2.78E+13,2.87E+14
543,3/25/2024,3515.218994,3666.005868,313394400,5.60E+12,1.36E+14,2.78E+13,2.87E+14
544,3/26/2024,3411.552979,3468.098056,354086400,5.60E+12,1.36E+14,2.78E+13,2.87E+14
545,3/27/2024,3289.038818,3402.128978,496202800,5.60E+12,1.36E+14,2.78E+13,2.87E+14
546,3/28/2024,3270.19043,3270.19043,258985200,5.60E+12,1.36E+14,2.78E+13,2.87E+14
547,3/31/2024,3270.19043,3270.19043,258985200,6.05E+12,1.36E+14,2.78E+13,2.87E+14
548,4/1/2024,3307.887207,3279.614667,248116300,6.05E+12,1.36E+14,2.78E+13,2.87E+14
549,4/2/2024,3289.038818,3260.766278,233017700,6.05E+12,1.36E+14,2.78E+13,2.87E+14
550,4/3/2024,3223.06958,3251.34212,150265700,6.05E+12,1.36E+14,2.78E+13,2.87E+14
551,4/4/2024,3251.342041,3213.645322,205184000,6.05E+12,1.36E+14,2.78E+13,2.87E+14
552,4/5/2024,3232.493652,3241.917832,116051700,6.05E+12,1.36E+14,2.78E+13,2.87E+14
553,4/16/2024,3034.585938,3072.282657,490658200,6.05E+12,1.36E+14,2.78E+13,2.87E+14
554,4/17/2024,3015.737549,3034.585909,187876400,6.05E+12,1.36E+14,2.78E+13,2.87E+14
555,4/18/2024,3062.858398,3006.31332,337490100,6.05E+12,1.36E+14,2.78E+13,2.87E+14
556,4/19/2024,2968.616699,3044.010139,149997000,6.05E+12,1.36E+14,2.78E+13,2.87E+14
557,4/22/2024,2987.465088,2968.616728,140971800,6.05E+12,1.36E+14,2.78E+13,2.87E+14
558,4/23/2024,2921.49585,2996.889291,312052300,6.05E+12,1.36E+14,2.78E+13,2.87E+14
559,4/24/2024,2864.950684,2921.495763,327330800,6.05E+12,1.36E+14,2.78E+13,2.87E+14
560,4/25/2024,2864.950684,2836.678144,369525200,6.05E+12,1.36E+14,2.78E+13,2.87E+14
561,4/26/2024,2855.526367,2808.40547,442527900,6.05E+12,1.36E+14,2.78E+13,2.87E+14
562,4/29/2024,2902.647461,2855.526561,172773600,6.05E+12,1.36E+14,2.78E+13,2.87E+14
563,4/30/2024,2987.465088,2940.344187,273121800,6.05E+12,1.36E+14,2.78E+13,2.87E+14
564,5/2/2024,2940.343994,2987.464891,157637100,6.05E+12,1.36E+14,2.78E+13,2.87E+14
565,5/3/2024,2978.040771,2996.889131,127945300,6.05E+12,1.36E+14,2.78E+13,2.87E+14
566,5/6/2024,2874.374756,2996.88909,221330900,6.05E+12,1.36E+14,2.78E+13,2.87E+14
567,5/7/2024,2912.071533,2893.223174,124914600,6.05E+12,1.36E+14,2.78E+13,2.87E+14
568,5/8/2024,2902.647461,2949.768361,120622600,6.05E+12,1.36E+14,2.78E+13,2.87E+14
569,5/13/2024,2912.071533,2893.223174,133048300,6.05E+12,1.36E+14,2.78E+13,2.87E+14
570,5/14/2024,2940.343994,2921.495635,104126800,6.05E+12,1.36E+14,2.78E+13,2.87E+14
571,5/15/2024,2921.49585,2940.34421,149143600,6.05E+12,1.36E+14,2.78E+13,2.87E+14
572,5/16/2024,3010,2960,196239200,6.05E+12,1.36E+14,2.78E+13,2.87E+14
573,5/17/2024,2990,3050,120345300,6.05E+12,1.36E+14,2.78E+13,2.87E+14
574,5/20/2024,2990,2950,215877500,6.05E+12,1.36E+14,2.78E+13,2.87E+14
575,5/21/2024,2950,2990,138864400,6.05E+12,1.36E+14,2.78E+13,2.87E+14
576,5/22/2024,2940,2980,145109200,6.05E+12,1.36E+14,2.78E+13,2.87E+14
577,5/27/2024,2810,2900,246979600,6.05E+12,1.36E+14,2.78E+13,2.87E+14
578,5/28/2024,2860,2810,113093300,6.05E+12,1.36E+14,2.78E+13,2.87E+14
579,5/29/2024,2810,2850,148952900,6.05E+12,1.36E+14,2.78E+13,2.87E+14
580,5/30/2024,2810,2810,253471800,6.05E+12,1.36E+14,2.78E+13,2.87E+14
581,5/31/2024,2900,2840,411324600,6.05E+12,1.36E+14,2.78E+13,2.87E+14
582,6/3/2024,2930,2930,124570400,6.05E+12,1.36E+14,2.78E+13,2.87E+14
583,6/4/2024,3000,2980,130203100,6.05E+12,1.36E+14,2.78E+13,2.87E+14
584,6/5/2024,3060,3000,141157300,6.05E+12,1.36E+14,2.78E+13,2.87E+14
585,6/6/2024,3050,3100,107996900,6.05E+12,1.36E+14,2.78E+13,2.87E+14
586,6/7/2024,3050,3050,67191100,6.05E+12,1.36E+14,2.78E+13,2.87E+14
587,6/10/2024,3010,3050,66983900,6.05E+12,1.36E+14,2.78E+13,2.87E+14
588,6/11/2024,2880,2960,172688100,6.05E+12,1.36E+14,2.78E+13,2.87E+14
589,6/12/2024,2920,2890,91584500,6.05E+12,1.36E+14,2.78E+13,2.87E+14
590,6/13/2024,2840,2940,95740000,6.05E+12,1.36E+14,2.78E+13,2.87E+14
591,6/14/2024,2720,2820,202750500,6.05E+12,1.36E+14,2.78E+13,2.87E+14
592,6/19/2024,2830,2780,128843500,6.05E+12,1.36E+14,2.78E+13,2.87E+14
593,6/20/2024,2840,2850,55434800,6.05E+12,1.36E+14,2.78E+13,2.87E+14
594,6/21/2024,2950,2850,184918000,6.05E+12,1.36E+14,2.78E+13,2.87E+14
595,6/24/2024,2950,2930,111618800,6.05E+12,1.36E+14,2.78E+13,2.87E+14
596,6/25/2024,2990,2950,89913400,6.05E+12,1.36E+14,2.78E+13,2.87E+14
597,6/26/2024,3000,2990,73994000,6.05E+12,1.36E+14,2.78E+13,2.87E+14
598,6/27/2024,3030,3030,70154600,6.05E+12,1.36E+14,2.78E+13,2.87E+14
599,6/28/2024,3130,3030,213539300,6.05E+12,1.36E+14,2.78E+13,2.87E+14
600,6/30/2024,3130,3030,213539300,5.71E+12,1.36E+14,2.78E+13,2.87E+14
601,7/1/2024,3090,3130,134082800,5.71E+12,1.36E+14,2.78E+13,2.87E+14
602,7/2/2024,3040,3070,79024200,5.71E+12,1.36E+14,2.78E+13,2.87E+14
603,7/3/2024,3030,3040,51977100,5.71E+12,1.36E+14,2.78E+13,2.87E+14
604,7/4/2024,2960,3000,93100500,5.71E+12,1.36E+14,2.78E+13,2.87E+14
605,7/5/2024,3020,2970,69339200,5.71E+12,1.36E+14,2.78E+13,2.87E+14
606,7/8/2024,3080,3040,125004600,5.71E+12,1.36E+14,2.78E+13,2.87E+14
607,7/9/2024,3080,3050,118245600,5.71E+12,1.36E+14,2.78E+13,2.87E+14
608,7/10/2024,3160,3090,120007400,5.71E+12,1.36E+14,2.78E+13,2.87E+14
609,7/11/2024,3180,3200,126490000,5.71E+12,1.36E+14,2.78E+13,2.87E+14
610,7/12/2024,3220,3230,135830300,5.71E+12,1.36E+14,2.78E+13,2.87E+14
611,7/15/2024,3160,3220,100918500,5.71E+12,1.36E+14,2.78E+13,2.87E+14
612,7/16/2024,3100,3180,78769700,5.71E+12,1.36E+14,2.78E+13,2.87E+14
613,7/17/2024,3250,3190,167149300,5.71E+12,1.36E+14,2.78E+13,2.87E+14
614,7/18/2024,3210,3260,98903500,5.71E+12,1.36E+14,2.78E+13,2.87E+14
615,7/19/2024,3140,3200,138117200,5.71E+12,1.36E+14,2.78E+13,2.87E+14
616,7/22/2024,3100,3180,139383000,5.71E+12,1.36E+14,2.78E+13,2.87E+14
617,7/23/2024,3160,3140,74338000,5.71E+12,1.36E+14,2.78E+13,2.87E+14
618,7/24/2024,3060,3140,98752100,5.71E+12,1.36E+14,2.78E+13,2.87E+14
619,7/25/2024,3090,3080,67060000,5.71E+12,1.36E+14,2.78E+13,2.87E+14
620,7/26/2024,3100,3110,94900300,5.71E+12,1.36E+14,2.78E+13,2.87E+14
621,7/29/2024,3050,3090,90885600,5.71E+12,1.36E+14,2.78E+13,2.87E+14
622,7/30/2024,2880,3000,321472800,5.71E+12,1.36E+14,2.78E+13,2.87E+14
623,7/31/2024,2880,2880,207440800,5.71E+12,1.36E+14,2.78E+13,2.87E+14
624,8/1/2024,2880,2890,121021800,5.71E+12,1.36E+14,2.78E+13,2.87E+14
625,8/2/2024,2850,2880,105816800,5.71E+12,1.36E+14,2.78E+13,2.87E+14
626,8/5/2024,2790,2820,105246400,5.71E+12,1.36E+14,2.78E+13,2.87E+14
627,8/6/2024,2790,2800,98524200,5.71E+12,1.36E+14,2.78E+13,2.87E+14
628,8/7/2024,2820,2800,77263000,5.71E+12,1.36E+14,2.78E+13,2.87E+14
629,8/8/2024,2850,2800,99533000,5.71E+12,1.36E+14,2.78E+13,2.87E+14
630,8/9/2024,2830,2860,80800300,5.71E+12,1.36E+14,2.78E+13,2.87E+14
631,8/12/2024,2870,2850,62746600,5.71E+12,1.36E+14,2.78E+13,2.87E+14
632,8/13/2024,2850,2900,82063600,5.71E+12,1.36E+14,2.78E+13,2.87E+14
633,8/14/2024,2860,2850,70188800,5.71E+12,1.36E+14,2.78E+13,2.87E+14
634,8/15/2024,2870,2870,79724100,5.71E+12,1.36E+14,2.78E+13,2.87E+14
635,8/16/2024,2960,2910,207060000,5.71E+12,1.36E+14,2.78E+13,2.87E+14
636,8/19/2024,2930,2960,68692700,5.71E+12,1.36E+14,2.78E+13,2.87E+14
637,8/20/2024,2980,2990,100434600,5.71E+12,1.36E+14,2.78E+13,2.87E+14
638,8/21/2024,2970,2980,111842200,5.71E+12,1.36E+14,2.78E+13,2.87E+14
639,8/22/2024,2920,2940,90336300,5.71E+12,1.36E+14,2.78E+13,2.87E+14
640,8/23/2024,2950,2970,86092500,5.71E+12,1.36E+14,2.78E+13,2.87E+14
641,8/26/2024,2980,2940,88941900,5.71E+12,1.36E+14,2.78E+13,2.87E+14
642,8/27/2024,2990,2990,71223800,5.71E+12,1.36E+14,2.78E+13,2.87E+14
643,8/28/2024,2980,3000,68736300,5.71E+12,1.36E+14,2.78E+13,2.87E+14
644,8/29/2024,3030,2980,160714800,5.71E+12,1.36E+14,2.78E+13,2.87E+14
645,8/30/2024,3060,3030,195809000,5.71E+12,1.36E+14,2.78E+13,2.87E+14
646,9/2/2024,3140,3090,118928500,5.71E+12,1.36E+14,2.78E+13,2.87E+14
647,9/3/2024,3080,3140,82172000,5.71E+12,1.36E+14,2.78E+13,2.87E+14
648,9/4/2024,3080,3060,81041700,5.71E+12,1.36E+14,2.78E+13,2.87E+14
649,9/5/2024,3020,3080,78989400,5.71E+12,1.36E+14,2.78E+13,2.87E+14
650,9/6/2024,3040,3010,82391200,5.71E+12,1.36E+14,2.78E+13,2.87E+14
651,9/9/2024,3030,3050,69264400,5.71E+12,1.36E+14,2.78E+13,2.87E+14
652,9/10/2024,3030,3060,46436100,5.71E+12,1.36E+14,2.78E+13,2.87E+14
653,9/11/2024,3040,3030,62899600,5.71E+12,1.36E+14,2.78E+13,2.87E+14
654,9/12/2024,3050,3060,85785000,5.71E+12,1.36E+14,2.78E+13,2.87E+14
655,9/13/2024,3110,3080,125032200,5.71E+12,1.36E+14,2.78E+13,2.87E+14
656,9/17/2024,3090,3120,56181000,5.71E+12,1.36E+14,2.78E+13,2.87E+14
657,9/18/2024,3120,3120,87120700,5.71E+12,1.36E+14,2.78E+13,2.87E+14
658,9/19/2024,3140,3140,130418300,5.71E+12,1.36E+14,2.78E+13,2.87E+14
659,9/20/2024,3150,3150,152477400,5.71E+12,1.36E+14,2.78E+13,2.87E+14
660,9/23/2024,3170,3150,82274400,5.71E+12,1.36E+14,2.78E+13,2.87E+14
661,9/24/2024,3160,3180,92256900,5.71E+12,1.36E+14,2.78E+13,2.87E+14
662,9/25/2024,3190,3100,215241700,5.71E+12,1.36E+14,2.78E+13,2.87E+14
663,9/26/2024,3170,3170,120042500,5.71E+12,1.36E+14,2.78E+13,2.87E+14
664,9/27/2024,3050,3130,291217300,5.71E+12,1.36E+14,2.78E+13,2.87E+14
665,9/30/2024,2990,3030,150844800,5.91E+12,1.36E+14,2.78E+13,2.87E+14
666,10/1/2024,3020,2990,77208500,5.91E+12,1.36E+14,2.78E+13,2.87E+14
667,10/2/2024,2920,2950,124629400,5.91E+12,1.36E+14,2.78E+13,2.87E+14
668,10/3/2024,2890,2950,92510900,5.91E+12,1.36E+14,2.78E+13,2.87E+14
669,10/4/2024,2880,2900,76757200,5.91E+12,1.36E+14,2.78E+13,2.87E+14
670,10/7/2024,2900,2910,84507100,5.91E+12,1.36E+14,2.78E+13,2.87E+14
671,10/8/2024,2990,2890,135357200,5.91E+12,1.36E+14,2.78E+13,2.87E+14
672,10/9/2024,2960,2980,69435900,5.91E+12,1.36E+14,2.78E+13,2.87E+14
673,10/10/2024,2950,2960,57867000,5.91E+12,1.36E+14,2.78E+13,2.87E+14
674,10/11/2024,2940,3000,40454300,5.91E+12,1.36E+14,2.78E+13,2.87E+14
675,10/14/2024,2900,2930,66631500,5.91E+12,1.36E+14,2.78E+13,2.87E+14
676,10/15/2024,2940,2920,74529600,5.91E+12,1.36E+14,2.78E+13,2.87E+14
677,10/16/2024,3000,2970,163988000,5.91E+12,1.36E+14,2.78E+13,2.87E+14
678,10/17/2024,3040,3000,107040100,5.91E+12,1.36E+14,2.78E+13,2.87E+14
679,10/18/2024,3100,3050,138783600,5.91E+12,1.36E+14,2.78E+13,2.87E+14
680,10/21/2024,3100,3100,92240300,5.91E+12,1.36E+14,2.78E+13,2.87E+14
681,10/22/2024,3010,3060,93662500,5.91E+12,1.36E+14,2.78E+13,2.87E+14
682,10/23/2024,2940,2940,99423700,5.91E+12,1.36E+14,2.78E+13,2.87E+14
683,10/24/2024,2900,2940,72559000,5.91E+12,1.36E+14,2.78E+13,2.87E+14
684,10/25/2024,2910,2900,50694200,5.91E+12,1.36E+14,2.78E+13,2.87E+14
685,10/28/2024,2920,2920,38720700,5.91E+12,1.36E+14,2.78E+13,2.87E+14
686,10/29/2024,2900,2910,67727500,5.91E+12,1.36E+14,2.78E+13,2.87E+14
687,10/30/2024,2900,2880,123573100,5.91E+12,1.36E+14,2.78E+13,2.87E+14
688,10/31/2024,2820,2860,139590300,5.91E+12,1.36E+14,2.78E+13,2.87E+14
689,11/1/2024,2780,2820,99364500,5.91E+12,1.36E+14,2.78E+13,2.87E+14
690,11/4/2024,2800,2780,63112300,5.91E+12,1.36E+14,2.78E+13,2.87E+14
691,11/5/2024,2770,2800,96721100,5.91E+12,1.36E+14,2.78E+13,2.87E+14
692,11/6/2024,2740,2780,66808900,5.91E+12,1.36E+14,2.78E+13,2.87E+14
693,11/7/2024,2760,2760,79485800,5.91E+12,1.36E+14,2.78E+13,2.87E+14
694,11/8/2024,2750,2760,66113200,5.91E+12,1.36E+14,2.78E+13,2.87E+14
695,11/11/2024,2690,2720,108153500,5.91E+12,1.36E+14,2.78E+13,2.87E+14
696,11/12/2024,2600,2660,215910600,5.91E+12,1.36E+14,2.78E+13,2.87E+14
697,11/13/2024,2580,2610,142812600,5.91E+12,1.36E+14,2.78E+13,2.87E+14
698,11/14/2024,2530,2550,185269500,5.91E+12,1.36E+14,2.78E+13,2.87E+14
699,11/15/2024,2540,2500,103680400,5.91E+12,1.36E+14,2.78E+13,2.87E+14
700,11/18/2024,2590,2540,119481300,5.91E+12,1.36E+14,2.78E+13,2.87E+14
701,11/19/2024,2780,2610,275670300,5.91E+12,1.36E+14,2.78E+13,2.87E+14
702,11/20/2024,2680,2740,150242900,5.91E+12,1.36E+14,2.78E+13,2.87E+14
703,11/21/2024,2770,2680,128294600,5.91E+12,1.36E+14,2.78E+13,2.87E+14
704,11/22/2024,2750,2750,135265300,5.91E+12,1.36E+14,2.78E+13,2.87E+14
705,11/25/2024,2740,2740,358617100,5.91E+12,1.36E+14,2.78E+13,2.87E+14
706,11/26/2024,2710,2770,106721000,5.91E+12,1.36E+14,2.78E+13,2.87E+14
707,11/28/2024,2720,2680,102808400,5.91E+12,1.36E+14,2.78E+13,2.87E+14
708,11/29/2024,2710,2700,103162000,5.91E+12,1.36E+14,2.78E+13,2.87E+14
709,12/2/2024,2680,2720,66025900,5.91E+12,1.36E+14,2.78E+13,2.87E+14
710,12/3/2024,2820,2760,167603900,5.91E+12,1.36E+14,2.78E+13,2.87E+14
711,12/4/2024,2840,2820,83412800,5.91E+12,1.36E+14,2.78E+13,2.87E+14
712,12/5/2024,2770,2840,96025400,5.91E+12,1.36E+14,2.78E+13,2.87E+14
713,12/6/2024,2760,2740,48179800,5.91E+12,1.36E+14,2.78E+13,2.87E+14
714,12/9/2024,2740,2760,63671900,5.91E+12,1.36E+14,2.78E+13,2.87E+14
715,12/10/2024,2770,2770,124138200,5.91E+12,1.36E+14,2.78E+13,2.87E+14
716,12/11/2024,2860,2770,140611400,5.91E+12,1.36E+14,2.78E+13,2.87E+14
717,12/12/2024,2820,2830,66977700,5.91E+12,1.36E+14,2.78E+13,2.87E+14
718,12/13/2024,2790,2770,77540100,5.91E+12,1.36E+14,2.78E+13,2.87E+14
719,12/16/2024,2660,2760,147655600,5.91E+12,1.36E+14,2.78E+13,2.87E+14
720,12/17/2024,2620,2630,113785500,5.91E+12,1.36E+14,2.78E+13,2.87E+14
721,12/18/2024,2570,2620,79565300,5.91E+12,1.36E+14,2.78E+13,2.87E+14
722,12/19/2024,2530,2510,123504200,5.91E+12,1.36E+14,2.78E+13,2.87E+14
723,12/20/2024,2550,2530,110308800,5.91E+12,1.36E+14,2.78E+13,2.87E+14
724,12/23/2024,2650,2580,72113700,5.91E+12,1.36E+14,2.78E+13,2.87E+14
725,12/24/2024,2740,2680,117582400,5.91E+12,1.36E+14,2.78E+13,2.87E+14
726,12/27/2024,2750,2770,92727600,5.91E+12,1.36E+14,2.78E+13,2.87E+14
727,12/30/2024,2710,2720,74279200,5.91E+12,1.36E+14,2.78E+13,2.87E+14
728,12/31/2024,2710,2720,74279200,5.97E+12,1.42E+14,2.55E+13,2.99E+14
729,1/2/2025,2700,2710,38776700,5.97E+12,1.42E+14,2.55E+13,2.99E+14
730,1/3/2025,2750,2740,49907500,5.97E+12,1.42E+14,2.55E+13,2.99E+14
731,1/6/2025,2690,2760,54087800,5.97E+12,1.42E+14,2.55E+13,2.99E+14
732,1/7/2025,2570,2670,109758000,5.97E+12,1.42E+14,2.55E+13,2.99E+14
733,1/8/2025,2650,2590,100688500,5.97E+12,1.42E+14,2.55E+13,2.99E+14
734,1/9/2025,2620,2690,55206700,5.97E+12,1.42E+14,2.55E+13,2.99E+14
735,1/10/2025,2680,2640,54496800,5.97E+12,1.42E+14,2.55E+13,2.99E+14
736,1/13/2025,2670,2670,90816500,5.97E+12,1.42E+14,2.55E+13,2.99E+14
737,1/14/2025,2620,2670,53116800,5.97E+12,1.42E+14,2.55E+13,2.99E+14
738,1/15/2025,2630,2640,52867900,5.97E+12,1.42E+14,2.55E+13,2.99E+14
739,1/16/2025,2590,2660,118890200,5.97E+12,1.42E+14,2.55E+13,2.99E+14
740,1/17/2025,2660,2630,107245400,5.97E+12,1.42E+14,2.55E+13,2.99E+14
741,1/20/2025,2610,2670,49752300,5.97E+12,1.42E+14,2.55E+13,2.99E+14
742,1/21/2025,2630,2630,86549000,5.97E+12,1.42E+14,2.55E+13,2.99E+14
743,1/22/2025,2730,2680,128617700,5.97E+12,1.42E+14,2.55E+13,2.99E+14
744,1/23/2025,2710,2730,63216100,5.97E+12,1.42E+14,2.55E+13,2.99E+14
745,1/24/2025,2690,2740,49844700,5.97E+12,1.42E+14,2.55E+13,2.99E+14
746,1/30/2025,2640,2690,89736900,5.97E+12,1.42E+14,2.55E+13,2.99E+14
747,1/31/2025,2660,2660,83736900,5.97E+12,1.42E+14,2.55E+13,2.99E+14
748,2/3/2025,2630,2620,91801900,5.97E+12,1.42E+14,2.55E+13,2.99E+14
749,2/4/2025,2640,2640,95311100,5.97E+12,1.42E+14,2.55E+13,2.99E+14
750,2/5/2025,2620,2600,110400300,5.97E+12,1.42E+14,2.55E+13,2.99E+14
751,2/6/2025,2560,2630,90471900,5.97E+12,1.42E+14,2.55E+13,2.99E+14
752,2/7/2025,2590,2550,105020200,5.97E+12,1.42E+14,2.55E+13,2.99E+14
753,2/10/2025,2440,2520,153328500,5.97E+12,1.42E+14,2.55E+13,2.99E+14
754,2/11/2025,2320,2430,254907800,5.97E+12,1.42E+14,2.55E+13,2.99E+14
755,2/12/2025,2480,2360,173407600,5.97E+12,1.42E+14,2.55E+13,2.99E+14
756,2/13/2025,2420,2370,219425500,5.97E+12,1.42E+14,2.55E+13,2.99E+14
757,2/14/2025,2530,2460,156474300,5.97E+12,1.42E+14,2.55E+13,2.99E+14
758,2/17/2025,2650,2570,113998200,5.97E+12,1.42E+14,2.55E+13,2.99E+14
759,2/18/2025,2680,2660,115881200,5.97E+12,1.42E+14,2.55E+13,2.99E+14
760,2/19/2025,2670,2680,119388200,5.97E+12,1.42E+14,2.55E+13,2.99E+14
761,2/20/2025,2670,2650,90411700,5.97E+12,1.42E+14,2.55E+13,2.99E+14
762,2/21/2025,2650,2670,75110600,5.97E+12,1.42E+14,2.55E+13,2.99E+14
763,2/24/2025,2600,2630,42327600,5.97E+12,1.42E+14,2.55E+13,2.99E+14
764,2/25/2025,2460,2560,111687700,5.97E+12,1.42E+14,2.55E+13,2.99E+14
765,2/26/2025,2520,2500,65752000,5.97E+12,1.42E+14,2.55E+13,2.99E+14
766,2/27/2025,2490,2520,88741400,5.97E+12,1.42E+14,2.55E+13,2.99E+14
767,2/28/2025,2350,2470,249795300,5.97E+12,1.42E+14,2.55E+13,2.99E+14
768,3/3/2025,2400,2400,178833400,5.97E+12,1.42E+14,2.55E+13,2.99E+14
769,3/4/2025,2380,2400,131347800,5.97E+12,1.42E+14,2.55E+13,2.99E+14
770,3/5/2025,2450,2420,167407400,5.97E+12,1.42E+14,2.55E+13,2.99E+14
771,3/6/2025,2400,2490,131136100,5.97E+12,1.42E+14,2.55E+13,2.99E+14
772,3/7/2025,2410,2430,182407000,5.97E+12,1.42E+14,2.55E+13,2.99E+14
773,3/10/2025,2390,2430,88949400,5.97E+12,1.42E+14,2.55E+13,2.99E+14
774,3/11/2025,2370,2380,102235600,5.97E+12,1.42E+14,2.55E+13,2.99E+14
775,3/12/2025,2450,2410,98938700,5.97E+12,1.42E+14,2.55E+13,2.99E+14
776,3/13/2025,2430,2470,66706500,5.97E+12,1.42E+14,2.55E+13,2.99E+14
777,3/14/2025,2420,2450,107627100,5.97E+12,1.42E+14,2.55E+13,2.99E+14
778,3/17/2025,2420,2420,58129400,5.97E+12,1.42E+14,2.55E+13,2.99E+14
779,3/18/2025,2420,2450,139758600,5.97E+12,1.42E+14,2.55E+13,2.99E+14
780,3/19/2025,2430,2420,96825800,5.97E+12,1.42E+14,2.55E+13,2.99E+14
781,3/20/2025,2390,2440,94823100,5.97E+12,1.42E+14,2.55E+13,2.99E+14
782,3/21/2025,2310,2370,204534000,5.97E+12,1.42E+14,2.55E+13,2.99E+14
783,3/24/2025,2330,2320,105865000,5.97E+12,1.42E+14,2.55E+13,2.99E+14
784,3/25/2025,2340,2340,107964200,5.97E+12,1.42E+14,2.55E+13,2.99E+14
785,3/26/2025,2440,2360,215856700,5.97E+12,1.42E+14,2.55E+13,2.99E+14
786,3/27/2025,2410,2430,120411200,5.97E+12,1.42E+14,2.55E+13,2.99E+14
787,3/31/2025,2410,2430,120411200,5.97E+12,1.42E+14,2.55E+13,2.99E+14
788,4/8/2025,2290,2050,409973200,5.97E+12,1.42E+14,2.55E+13,2.99E+14
789,4/9/2025,2320,2440,120363300,5.97E+12,1.42E+14,2.55E+13,2.99E+14
790,4/10/2025,2350,2450,139327100,5.97E+12,1.42E+14,2.55E+13,2.99E+14
791,4/11/2025,2330,2320,60214100,5.97E+12,1.42E+14,2.55E+13,2.99E+14
792,4/14/2025,2430,2320,116968600,5.97E+12,1.42E+14,2.55E+13,2.99E+14
793,4/15/2025,2450,2460,99064500,5.97E+12,1.42E+14,2.55E+13,2.99E+14
794,4/16/2025,2480,2490,121853000,5.97E+12,1.42E+14,2.55E+13,2.99E+14
795,4/17/2025,2550,2500,195577900,5.97E+12,1.42E+14,2.55E+13,2.99E+14
796,4/21/2025,2570,2600,84209300,5.97E+12,1.42E+14,2.55E+13,2.99E+14
797,4/22/2025,2550,2570,44958000,5.97E+12,1.42E+14,2.55E+13,2.99E+14
798,4/23/2025,2630,2580,128704200,5.97E+12,1.42E+14,2.55E+13,2.99E+14
799,4/24/2025,2630,2630,75733400,5.97E+12,1.42E+14,2.55E+13,2.99E+14
800,4/25/2025,2600,2630,93439600,5.97E+12,1.42E+14,2.55E+13,2.99E+14
801,4/28/2025,2560,2600,51086400,5.97E+12,1.42E+14,2.55E+13,2.99E+14
802,4/29/2025,2590,2570,56546100,5.97E+12,1.42E+14,2.55E+13,2.99E+14
803,4/30/2025,2640,2600,96333300,5.97E+12,1.42E+14,2.55E+13,2.99E+14
804,5/2/2025,2680,2640,132357600,5.97E+12,1.42E+14,2.55E+13,2.99E+14
805,5/5/2025,2700,2710,85592500,5.97E+12,1.42E+14,2.55E+13,2.99E+14
806,5/6/2025,2680,2720,76948300,5.97E+12,1.42E+14,2.55E+13,2.99E+14
807,5/7/2025,2620,2680,100293700,5.97E+12,1.42E+14,2.55E+13,2.99E+14
808,5/8/2025,2570,2630,122965300,5.97E+12,1.42E+14,2.55E+13,2.99E+14
809,5/9/2025,2600,2570,59433500,5.97E+12,1.42E+14,2.55E+13,2.99E+14
