Date,Close,Open,Volume,ROA,ROE,DER
2022-01-03,3646.828369,3542.134732,65937900.0,0.0213,0.0483,0.2975
2022-01-04,3638.104004,3646.828474,42984700.0,0.0213,0.0483,0.2975
2022-01-05,3533.410156,3620.654851,119584700.0,0.0213,0.0483,0.2975
2022-01-06,3594.481689,3568.308279,89197500.0,0.0213,0.0483,0.2975
2022-01-07,3638.104004,3594.481654,68415100.0,0.0213,0.0483,0.2975
2022-01-10,3577.032959,3646.828724,44921200.0,0.0213,0.0483,0.2975
2022-01-11,3568.30835,3594.48176,61890200.0,0.0213,0.0483,0.2975
2022-01-12,3585.757324,3585.757324,45132700.0,0.0213,0.0483,0.2975
2022-01-13,3646.828369,3638.103899,84148400.0,0.0213,0.0483,0.2975
2022-01-14,3655.552979,3611.930628,28193100.0,0.0213,0.0483,0.2975
2022-01-17,3646.828369,3664.277309,39816300.0,0.0213,0.0483,0.2975
2022-01-18,3707.899658,3664.277309,112212200.0,0.0213,0.0483,0.2975
2022-01-19,3707.899658,3716.624128,88713900.0,0.0213,0.0483,0.2975
2022-01-20,3681.726563,3751.522327,100014500.0,0.0213,0.0483,0.2975
2022-01-21,3777.695557,3699.175326,75534800.0,0.0213,0.0483,0.2975
2022-01-24,3751.521973,3716.624094,70404500.0,0.0213,0.0483,0.2975
2022-01-25,3742.797607,3760.246547,116353600.0,0.0213,0.0483,0.2975
2022-01-26,3830.042236,3821.317767,127641400.0,0.0213,0.0483,0.2975
2022-01-27,3725.348633,3838.766741,98613900.0,0.0213,0.0483,0.2975
2022-01-28,3716.624268,3716.624268,61686700.0,0.0213,0.0483,0.2975
2022-01-31,3655.552979,3673.001919,88735900.0,0.0213,0.0483,0.2975
2022-02-02,3638.104004,3638.104004,144006000.0,0.0213,0.0483,0.2975
2022-02-03,3664.277344,3664.277344,58212400.0,0.0213,0.0483,0.2975
2022-02-04,3690.450928,3716.624339,98728700.0,0.0213,0.0483,0.2975
2022-02-07,3742.797607,3690.450788,90285800.0,0.0213,0.0483,0.2975
2022-02-08,3690.450928,3734.073279,71210400.0,0.0213,0.0483,0.2975
2022-02-09,3734.073242,3734.073242,95375000.0,0.0213,0.0483,0.2975
2022-02-10,3891.11377,3838.766948,233984700.0,0.0213,0.0483,0.2975
2022-02-11,3882.388916,3926.011263,130081900.0,0.0213,0.0483,0.2975
2022-02-14,3838.766846,3821.317905,104903700.0,0.0213,0.0483,0.2975
2022-02-15,3847.491455,3838.766985,75305900.0,0.0213,0.0483,0.2975
2022-02-16,3838.766846,3856.215786,90121200.0,0.0213,0.0483,0.2975
2022-02-17,3847.491455,3838.766985,72970200.0,0.0213,0.0483,0.2975
2022-02-18,3838.766846,3856.215786,71111300.0,0.0213,0.0483,0.2975
2022-02-21,3812.593506,3812.593506,58883000.0,0.0213,0.0483,0.2975
2022-02-22,3751.521973,3768.970912,106985800.0,0.0213,0.0483,0.2975
2022-02-23,3795.144531,3734.07324,110562400.0,0.0213,0.0483,0.2975
2022-02-24,3699.175293,3734.073173,126158600.0,0.0213,0.0483,0.2975
2022-02-25,3786.420166,3699.175462,208757000.0,0.0213,0.0483,0.2975
2022-03-01,3795.144531,4048.154167,206416900.0,0.0213,0.0483,0.2975
2022-03-02,3742.797607,3838.766777,152165300.0,0.0213,0.0483,0.2975
2022-03-04,3838.766846,3873.664726,155369100.0,0.0213,0.0483,0.2975
2022-03-07,3934.736328,3838.767149,177360400.0,0.0213,0.0483,0.2975
2022-03-08,4030.705322,4013.256381,234086000.0,0.0213,0.0483,0.2975
2022-03-09,3873.664795,3969.633968,145145900.0,0.0213,0.0483,0.2975
2022-03-10,3847.491455,3926.011689,130830800.0,0.0213,0.0483,0.2975
2022-03-11,4004.531982,3847.491513,143446200.0,0.0213,0.0483,0.2975
2022-03-14,3995.807373,4056.878665,166572700.0,0.0213,0.0483,0.2975
2022-03-15,4030.705322,4039.429793,231077800.0,0.0213,0.0483,0.2975
2022-03-16,4039.429443,4065.602852,109961900.0,0.0213,0.0483,0.2975
2022-03-17,3908.562744,3969.634037,246300800.0,0.0213,0.0483,0.2975
2022-03-18,3960.90918,3917.286832,210266100.0,0.0213,0.0483,0.2975
2022-03-21,3969.633789,3969.633789,79691600.0,0.0213,0.0483,0.2975
2022-03-22,3969.633789,3969.633789,98699900.0,0.0213,0.0483,0.2975
2022-03-23,3969.633789,3969.633789,78299500.0,0.0213,0.0483,0.2975
2022-03-24,3978.35791,3926.011096,89578400.0,0.0213,0.0483,0.2975
2022-03-25,3943.460449,3934.735979,90053700.0,0.0213,0.0483,0.2975
2022-03-28,4013.256104,3934.735875,184131000.0,0.0213,0.0483,0.2975
2022-03-29,3978.35791,4013.255787,77920800.0,0.0213,0.0483,0.2975
2022-03-30,3995.807373,4030.705254,118749100.0,0.0213,0.0483,0.2975
2022-03-31,3995.807373,4030.705254,108109700.0,0.0222,0.0502,0.2975
2022-04-01,3995.807373,3969.633962,86590300.0,0.0222,0.0502,0.2975
2022-04-04,3960.90918,3978.358119,103480300.0,0.0222,0.0502,0.2975
2022-04-05,3943.460449,3969.633859,52172300.0,0.0222,0.0502,0.2975
2022-04-06,3864.940186,3917.287005,108368800.0,0.0222,0.0502,0.2975
2022-04-07,3960.90918,3882.388954,143921800.0,0.0222,0.0502,0.2975
2022-04-08,3995.807373,3995.807373,161974500.0,0.0222,0.0502,0.2975
2022-04-11,4004.531982,4021.980924,90521500.0,0.0222,0.0502,0.2975
2022-04-12,4039.429443,4030.704974,187948000.0,0.0222,0.0502,0.2975
2022-04-13,4091.776611,4100.501082,196864200.0,0.0222,0.0502,0.2975
2022-04-14,4083.052002,4100.500942,112735200.0,0.0222,0.0502,0.2975
2022-04-18,4109.225586,4117.950056,120778200.0,0.0222,0.0502,0.2975
2022-04-19,4083.052002,4135.398822,92268300.0,0.0222,0.0502,0.2975
2022-04-20,4039.429443,4083.051792,88360900.0,0.0222,0.0502,0.2975
2022-04-21,4030.705322,4030.705322,97575800.0,0.0222,0.0502,0.2975
2022-04-22,4030.705322,4030.705322,101299100.0,0.0222,0.0502,0.2975
2022-04-25,4109.225586,4021.980881,92045500.0,0.0222,0.0502,0.2975
2022-04-26,4152.847656,4083.051897,85945800.0,0.0222,0.0502,0.2975
2022-04-27,4161.572266,4117.949915,136485600.0,0.0222,0.0502,0.2975
2022-04-28,4030.705322,4231.368141,198484800.0,0.0222,0.0502,0.2975
2022-05-09,3760.246582,3978.358333,343682000.0,0.0222,0.0502,0.2975
2022-05-10,3786.420166,3594.481817,281386300.0,0.0222,0.0502,0.2975
2022-05-11,3777.695557,3838.766847,154455400.0,0.0222,0.0502,0.2975
2022-05-12,3751.521973,3786.419851,233518500.0,0.0222,0.0502,0.2975
2022-05-13,3716.624268,3707.899797,190889200.0,0.0222,0.0502,0.2975
2022-05-17,3646.828369,3707.899658,170880700.0,0.0222,0.0502,0.2975
2022-05-18,3707.899658,3690.450719,185359500.0,0.0222,0.0502,0.2975
2022-05-19,3673.001953,3646.828543,112679300.0,0.0222,0.0502,0.2975
2022-05-20,3638.104004,3681.726354,141701800.0,0.0222,0.0502,0.2975
2022-05-23,3585.757324,3629.379676,196569900.0,0.0222,0.0502,0.2975
2022-05-24,3620.655029,3594.481619,151693700.0,0.0222,0.0502,0.2975
2022-05-25,3664.277344,3664.277344,166595400.0,0.0222,0.0502,0.2975
2022-05-27,3751.521973,3716.624094,186513500.0,0.0222,0.0502,0.2975
2022-05-30,3707.899658,3786.419886,107614100.0,0.0222,0.0502,0.2975
2022-05-31,3760.246582,3725.348702,469620300.0,0.0222,0.0502,0.2975
2022-06-02,3742.797607,3830.042307,164481100.0,0.0222,0.0502,0.2975
2022-06-03,3760.246582,3760.246582,108852800.0,0.0222,0.0502,0.2975
2022-06-06,3786.420166,3760.246755,79319400.0,0.0222,0.0502,0.2975
2022-06-07,3707.899658,3786.419886,142504000.0,0.0222,0.0502,0.2975
2022-06-08,3707.868652,3753.086563,202555900.0,0.0222,0.0502,0.2975
2022-06-09,3662.650635,3689.78138,148580200.0,0.0222,0.0502,0.2975
2022-06-10,3635.52002,3653.607184,189186700.0,0.0222,0.0502,0.2975
2022-06-13,3689.781494,3572.214927,156054900.0,0.0222,0.0502,0.2975
2022-06-14,3716.912109,3662.650619,117325600.0,0.0222,0.0502,0.2975
2022-06-15,3671.694336,3671.694336,94848800.0,0.0222,0.0502,0.2975
2022-06-16,3653.607178,3725.955835,96042200.0,0.0222,0.0502,0.2975
2022-06-17,3725.955566,3626.47617,169375800.0,0.0222,0.0502,0.2975
2022-06-20,3653.607178,3662.65076,82101200.0,0.0222,0.0502,0.2975
2022-06-21,3716.912109,3671.694201,77489000.0,0.0222,0.0502,0.2975
2022-06-22,3662.650635,3698.824962,60907800.0,0.0222,0.0502,0.2975
2022-06-23,3762.130127,3644.56356,101065400.0,0.0222,0.0502,0.2975
2022-06-24,3753.08667,3825.435329,81050700.0,0.0222,0.0502,0.2975
2022-06-27,3680.737793,3716.91212,71574300.0,0.0222,0.0502,0.2975
2022-06-28,3644.563477,3626.476313,128618800.0,0.0222,0.0502,0.2975
2022-06-29,3653.607178,3617.432849,72888100.0,0.0222,0.0502,0.2975
2022-06-30,3617.432861,3716.912265,116718900.0,0.0261,0.0589,0.2975
2022-07-01,3635.52002,3626.476437,39572500.0,0.0261,0.0589,0.2975
2022-07-04,3608.38916,3635.519906,115885200.0,0.0261,0.0589,0.2975
2022-07-05,3608.38916,3626.476324,72329600.0,0.0261,0.0589,0.2975
2022-07-06,3635.52002,3662.650766,62679000.0,0.0261,0.0589,0.2975
2022-07-07,3653.607178,3653.607178,42393800.0,0.0261,0.0589,0.2975
2022-07-08,3626.476563,3662.650892,64049000.0,0.0261,0.0589,0.2975
2022-07-11,3653.607178,3707.86867,42258000.0,0.0261,0.0589,0.2975
2022-07-12,3626.476563,3671.694475,43399800.0,0.0261,0.0589,0.2975
2022-07-13,3563.171387,3626.476462,96218200.0,0.0261,0.0589,0.2975
2022-07-14,3635.52002,3563.171362,68708500.0,0.0261,0.0589,0.2975
2022-07-15,3753.08667,3653.607264,146093800.0,0.0261,0.0589,0.2975
2022-07-18,3789.260986,3716.912328,84009400.0,0.0261,0.0589,0.2975
2022-07-19,3762.130127,3789.260873,91367900.0,0.0261,0.0589,0.2975
2022-07-20,3807.3479,3744.042828,82344000.0,0.0261,0.0589,0.2975
2022-07-21,3852.565918,3807.348008,107234600.0,0.0261,0.0589,0.2975
2022-07-22,3825.435059,3834.47864,59792300.0,0.0261,0.0589,0.2975
2022-07-25,3834.47876,3834.47876,37218000.0,0.0261,0.0589,0.2975
2022-07-26,3843.522217,3834.478635,49786900.0,0.0261,0.0589,0.2975
2022-07-27,3888.740234,3825.435161,60672300.0,0.0261,0.0589,0.2975
2022-07-28,3834.47876,3897.783834,110767300.0,0.0261,0.0589,0.2975
2022-07-29,3825.435059,3870.652967,108823600.0,0.0261,0.0589,0.2975
2022-08-01,3888.740234,3825.435161,104724300.0,0.0261,0.0589,0.2975
2022-08-02,4024.393799,3933.957983,112228800.0,0.0261,0.0589,0.2975
2022-08-03,4069.611816,4024.393907,251825000.0,0.0261,0.0589,0.2975
2022-08-04,4114.830078,4024.394252,186881500.0,0.0261,0.0589,0.2975
2022-08-05,4205.265625,4151.004133,268967200.0,0.0261,0.0589,0.2975
2022-08-08,4250.483887,4250.483887,191023500.0,0.0261,0.0589,0.2975
2022-08-09,4196.222168,4250.483662,164453900.0,0.0261,0.0589,0.2975
2022-08-10,4123.873047,4096.742303,162061400.0,0.0261,0.0589,0.2975
2022-08-11,4132.916992,4114.829828,123629000.0,0.0261,0.0589,0.2975
2022-08-12,4114.830078,4132.917243,124552500.0,0.0261,0.0589,0.2975
2022-08-15,4024.393799,4105.786033,136882800.0,0.0261,0.0589,0.2975
2022-08-16,3988.219727,4096.742712,127710800.0,0.0261,0.0589,0.2975
2022-08-18,4114.830078,3943.002009,182044300.0,0.0261,0.0589,0.2975
2022-08-19,4160.047363,4123.873038,177623900.0,0.0261,0.0589,0.2975
2022-08-22,4205.265625,4114.829805,202320400.0,0.0261,0.0589,0.2975
2022-08-23,4214.30957,4232.396736,229431400.0,0.0261,0.0589,0.2975
2022-08-24,4295.701172,4214.308939,189007900.0,0.0261,0.0589,0.2975
2022-08-25,4132.916992,4232.396395,179495700.0,0.0261,0.0589,0.2975
2022-08-26,4060.568115,4078.655278,184317100.0,0.0261,0.0589,0.2975
2022-08-29,4087.699219,3952.045484,101529800.0,0.0261,0.0589,0.2975
2022-08-30,4051.524902,4141.960726,118884300.0,0.0261,0.0589,0.2975
2022-08-31,4123.873047,3997.262909,175300400.0,0.0261,0.0589,0.2975
2022-09-01,4141.960449,4123.873286,120871700.0,0.0261,0.0589,0.2975
2022-09-02,4160.047363,4105.785876,106985000.0,0.0261,0.0589,0.2975
2022-09-05,4178.134766,4123.873275,77323800.0,0.0261,0.0589,0.2975
2022-09-06,4078.655518,4169.091338,61970100.0,0.0261,0.0589,0.2975
2022-09-07,4060.568115,4069.611697,106145700.0,0.0261,0.0589,0.2975
2022-09-08,4123.873047,4069.611559,123389200.0,0.0261,0.0589,0.2975
2022-09-09,4160.047363,4114.829457,50307800.0,0.0261,0.0589,0.2975
2022-09-12,4105.786133,4160.047624,74820600.0,0.0261,0.0589,0.2975
2022-09-13,4087.699219,4105.786383,91510200.0,0.0261,0.0589,0.2975
2022-09-14,4051.524902,4060.568485,97919200.0,0.0261,0.0589,0.2975
2022-09-15,4069.611816,4105.786144,125599900.0,0.0261,0.0589,0.2975
2022-09-16,3988.219727,4069.611966,210277300.0,0.0261,0.0589,0.2975
2022-09-19,4069.611816,4033.437489,116164500.0,0.0261,0.0589,0.2975
2022-09-20,4051.524902,4096.742814,100743700.0,0.0261,0.0589,0.2975
2022-09-21,4006.306885,4024.394049,91363200.0,0.0261,0.0589,0.2975
2022-09-22,4006.306885,3979.176138,89922900.0,0.0261,0.0589,0.2975
2022-09-23,3961.088623,3979.175786,95911400.0,0.0261,0.0589,0.2975
2022-09-26,4033.4375,3970.132427,132185400.0,0.0261,0.0589,0.2975
2022-09-27,4015.350586,4024.394168,123113800.0,0.0261,0.0589,0.2975
2022-09-28,4042.481201,4006.306873,104385500.0,0.0261,0.0589,0.2975
2022-09-29,4015.350586,4033.437751,90290400.0,0.0261,0.0589,0.2975
2022-09-30,4033.4375,3979.176009,111482000.0,0.0118,0.0268,0.2975
2022-10-03,4033.4375,4033.4375,77569100.0,0.0118,0.0268,0.2975
2022-10-04,4015.350586,4033.437751,87832800.0,0.0118,0.0268,0.2975
2022-10-05,4033.4375,4060.568246,61888400.0,0.0118,0.0268,0.2975
2022-10-06,4006.306885,4033.437631,60464300.0,0.0118,0.0268,0.2975
2022-10-07,3933.958008,3979.175916,102570000.0,0.0118,0.0268,0.2975
2022-10-10,3997.263184,3924.914529,72389100.0,0.0118,0.0268,0.2975
2022-10-11,3897.783936,3943.001847,108794500.0,0.0118,0.0268,0.2975
2022-10-12,3924.914551,3888.740223,107938600.0,0.0118,0.0268,0.2975
2022-10-13,3888.740234,3915.87098,70034500.0,0.0118,0.0268,0.2975
2022-10-14,3879.696777,3943.001853,68096300.0,0.0118,0.0268,0.2975
2022-10-17,3915.871094,3798.304525,90321700.0,0.0118,0.0268,0.2975
2022-10-18,3843.522217,3897.783707,72516000.0,0.0118,0.0268,0.2975
2022-10-19,3798.304443,3816.391607,65848300.0,0.0118,0.0268,0.2975
2022-10-20,3933.958008,3798.304283,165391500.0,0.0118,0.0268,0.2975
2022-10-21,3943.001709,3888.740218,79825700.0,0.0118,0.0268,0.2975
2022-10-24,3988.219727,3961.08898,76777200.0,0.0118,0.0268,0.2975
2022-10-25,3970.132324,4006.306651,109154300.0,0.0118,0.0268,0.2975
2022-10-26,3952.04541,3997.263321,97320500.0,0.0118,0.0268,0.2975
2022-10-27,3952.04541,3970.132575,80270300.0,0.0118,0.0268,0.2975
2022-10-28,4024.393799,3997.263054,91101500.0,0.0118,0.0268,0.2975
2022-10-31,3970.132324,4033.437395,162753500.0,0.0118,0.0268,0.2975
2022-11-01,3997.263184,3997.263184,108592900.0,0.0118,0.0268,0.2975
2022-11-02,3816.391602,3979.176077,217855200.0,0.0118,0.0268,0.2975
2022-11-03,3734.999268,3744.042849,231475000.0,0.0118,0.0268,0.2975
2022-11-04,3807.3479,3680.737756,201183100.0,0.0118,0.0268,0.2975
2022-11-07,3870.65332,3843.522573,129868800.0,0.0118,0.0268,0.2975
2022-11-08,3816.391602,3861.609512,110546800.0,0.0118,0.0268,0.2975
2022-11-09,3789.260986,3798.304569,145833200.0,0.0118,0.0268,0.2975
2022-11-10,3771.173828,3716.912334,81249200.0,0.0118,0.0268,0.2975
2022-11-11,3753.08667,3762.130252,227799300.0,0.0118,0.0268,0.2975
2022-11-14,3662.650635,3698.824962,188771200.0,0.0118,0.0268,0.2975
2022-11-15,3662.650635,3662.650635,88570400.0,0.0118,0.0268,0.2975
2022-11-16,3662.650635,3617.432726,149512300.0,0.0118,0.0268,0.2975
2022-11-17,3653.607178,3635.520013,68616700.0,0.0118,0.0268,0.2975
2022-11-18,3626.476563,3680.738057,115907900.0,0.0118,0.0268,0.2975
2022-11-21,3644.563477,3635.519895,45277400.0,0.0118,0.0268,0.2975
2022-11-22,3617.432861,3635.520026,83888300.0,0.0118,0.0268,0.2975
2022-11-23,3590.302002,3608.389166,95750400.0,0.0118,0.0268,0.2975
2022-11-24,3644.563477,3599.345567,50741600.0,0.0118,0.0268,0.2975
2022-11-25,3644.563477,3626.476313,73305800.0,0.0118,0.0268,0.2975
2022-11-28,3599.345459,3644.563367,94063100.0,0.0118,0.0268,0.2975
2022-11-29,3599.345459,3599.345459,94389800.0,0.0118,0.0268,0.2975
2022-11-30,3653.607178,3590.302103,585687400.0,0.0118,0.0268,0.2975
2022-12-01,3581.258301,3635.51979,230066600.0,0.0118,0.0268,0.2975
2022-12-02,3617.432861,3572.214951,113336600.0,0.0118,0.0268,0.2975
2022-12-05,3472.735352,3599.345495,148751200.0,0.0118,0.0268,0.2975
2022-12-06,3255.689697,3291.864027,416468700.0,0.0118,0.0268,0.2975
2022-12-07,3328.038086,3255.689432,278572200.0,0.0118,0.0268,0.2975
2022-12-08,3382.299805,3346.125475,245646400.0,0.0118,0.0268,0.2975
2022-12-09,3300.907471,3328.038217,164606100.0,0.0118,0.0268,0.2975
2022-12-12,3346.125244,3318.994499,170545000.0,0.0118,0.0268,0.2975
2022-12-13,3391.343262,3337.08177,231127000.0,0.0118,0.0268,0.2975
2022-12-14,3391.343262,3454.648336,107175700.0,0.0118,0.0268,0.2975
2022-12-15,3318.994629,3328.038211,143233600.0,0.0118,0.0268,0.2975
2022-12-16,3328.038086,3264.733014,310944500.0,0.0118,0.0268,0.2975
2022-12-19,3364.212646,3382.299811,119137700.0,0.0118,0.0268,0.2975
2022-12-20,3364.212646,3373.256229,55351300.0,0.0118,0.0268,0.2975
2022-12-21,3427.517578,3337.081758,98741000.0,0.0118,0.0268,0.2975
2022-12-22,3391.343262,3436.561172,68702100.0,0.0118,0.0268,0.2975
2022-12-23,3418.473877,3355.168805,45179400.0,0.0118,0.0268,0.2975
2022-12-26,3391.343262,3418.474008,19216700.0,0.0118,0.0268,0.2975
2022-12-27,3445.604736,3409.430408,49816500.0,0.0118,0.0268,0.2975
2022-12-28,3373.256104,3436.561178,65006300.0,0.0118,0.0268,0.2975
2022-12-29,3418.473877,3364.212387,51703500.0,0.0118,0.0268,0.2975
2022-12-30,3391.343262,3400.386844,79677300.0,0.0118,0.0268,0.2975
2022-12-31,3391.343262,3400.386844,79677300.0,0.0152,0.0323,0.2116
2023-01-02,3436.561035,3391.343127,7959900.0,0.0152,0.0323,0.2116
2023-01-03,3490.822754,3427.517678,64235000.0,0.0152,0.0323,0.2116
2023-01-04,3454.648193,3472.735357,56785600.0,0.0152,0.0323,0.2116
2023-01-05,3409.43042,3436.561166,135167000.0,0.0152,0.0323,0.2116
2023-01-06,3355.168701,3391.343027,65207400.0,0.0152,0.0323,0.2116
2023-01-09,3427.517578,3373.256086,46616400.0,0.0152,0.0323,0.2116
2023-01-10,3463.691895,3445.604731,80009900.0,0.0152,0.0323,0.2116
2023-01-11,3499.866211,3454.648301,75139300.0,0.0152,0.0323,0.2116
2023-01-12,3490.822754,3427.517678,105775500.0,0.0152,0.0323,0.2116
2023-01-13,3418.473877,3454.648204,85780600.0,0.0152,0.0323,0.2116
2023-01-16,3481.779053,3418.473979,58918700.0,0.0152,0.0323,0.2116
2023-01-17,3572.214844,3499.866189,132256600.0,0.0152,0.0323,0.2116
2023-01-18,3554.127686,3626.476341,94772000.0,0.0152,0.0323,0.2116
2023-01-19,3517.953369,3526.996951,109555200.0,0.0152,0.0323,0.2116
2023-01-20,3499.866211,3536.040539,88457800.0,0.0152,0.0323,0.2116
2023-01-24,3481.779053,3517.953381,45504900.0,0.0152,0.0323,0.2116
2023-01-25,3472.735352,3481.778933,80575100.0,0.0152,0.0323,0.2116
2023-01-26,3590.302002,3481.77902,117238000.0,0.0152,0.0323,0.2116
2023-01-27,3581.258301,3590.301882,100769500.0,0.0152,0.0323,0.2116
2023-01-30,3581.258301,3581.258301,59425300.0,0.0152,0.0323,0.2116
2023-01-31,3481.779053,3563.17129,179726700.0,0.0152,0.0323,0.2116
2023-02-01,3499.866211,3481.779047,70997300.0,0.0152,0.0323,0.2116
2023-02-02,3517.953369,3481.779041,78852300.0,0.0152,0.0323,0.2116
2023-02-03,3508.909912,3536.040659,55154800.0,0.0152,0.0323,0.2116
2023-02-06,3508.909912,3490.822748,58861300.0,0.0152,0.0323,0.2116
2023-02-07,3436.561035,3508.909689,76254900.0,0.0152,0.0323,0.2116
2023-02-08,3472.735352,3436.561025,65856500.0,0.0152,0.0323,0.2116
2023-02-09,3409.43042,3472.735494,91337300.0,0.0152,0.0323,0.2116
2023-02-10,3436.561035,3391.343127,88759600.0,0.0152,0.0323,0.2116
2023-02-13,3427.517578,3436.56116,69004400.0,0.0152,0.0323,0.2116
2023-02-14,3436.561035,3463.69178,80331100.0,0.0152,0.0323,0.2116
2023-02-15,3427.517578,3445.604742,59028200.0,0.0152,0.0323,0.2116
2023-02-16,3409.43042,3436.561166,49869900.0,0.0152,0.0323,0.2116
2023-02-17,3400.386963,3409.430545,50369000.0,0.0152,0.0323,0.2116
2023-02-20,3454.648193,3400.386703,57438900.0,0.0152,0.0323,0.2116
2023-02-21,3472.735352,3481.778933,63880300.0,0.0152,0.0323,0.2116
2023-02-22,3490.822754,3481.779172,48505600.0,0.0152,0.0323,0.2116
2023-02-23,3590.302002,3572.214838,109147100.0,0.0152,0.0323,0.2116
2023-02-24,3653.607178,3617.432849,142165700.0,0.0152,0.0323,0.2116
2023-02-27,3581.258301,3608.389045,66461600.0,0.0152,0.0323,0.2116
2023-02-28,3508.909912,3554.127823,115766900.0,0.0152,0.0323,0.2116
2023-03-01,3554.127686,3554.127686,47395200.0,0.0152,0.0323,0.2116
2023-03-02,3508.909912,3526.997077,43208800.0,0.0152,0.0323,0.2116
2023-03-03,3526.99707,3508.909906,49796000.0,0.0152,0.0323,0.2116
2023-03-06,3508.909912,3563.171406,50103800.0,0.0152,0.0323,0.2116
2023-03-07,3508.909912,3517.953494,59086800.0,0.0152,0.0323,0.2116
2023-03-08,3563.171387,3481.779147,78551000.0,0.0152,0.0323,0.2116
2023-03-09,3590.302002,3590.302002,68725500.0,0.0152,0.0323,0.2116
2023-03-10,3626.476563,3581.25865,76136200.0,0.0152,0.0323,0.2116
2023-03-13,3680.737793,3635.519884,104663300.0,0.0152,0.0323,0.2116
2023-03-14,3635.52002,3644.563602,111430100.0,0.0152,0.0323,0.2116
2023-03-15,3626.476563,3662.650892,65025400.0,0.0152,0.0323,0.2116
2023-03-16,3662.650635,3653.607053,96707900.0,0.0152,0.0323,0.2116
2023-03-17,3662.650635,3698.824962,232270900.0,0.0152,0.0323,0.2116
2023-03-20,3608.38916,3662.650651,105982700.0,0.0152,0.0323,0.2116
2023-03-21,3725.955566,3617.432589,88808200.0,0.0152,0.0323,0.2116
2023-03-24,3680.737793,3707.868538,96214700.0,0.0152,0.0323,0.2116
2023-03-27,3662.650635,3707.868544,71556400.0,0.0152,0.0323,0.2116
2023-03-28,3662.650635,3707.868544,87955300.0,0.0152,0.0323,0.2116
2023-03-29,3707.868652,3698.82507,113504700.0,0.0152,0.0323,0.2116
2023-03-30,3698.824951,3662.650624,87690800.0,0.0152,0.0323,0.2116
2023-03-31,3671.694336,3716.912246,93699000.0,0.0233,0.0498,0.2116
2023-04-03,3689.781494,3707.868658,56896200.0,0.0233,0.0498,0.2116
2023-04-04,3671.694336,3689.7815,82969200.0,0.0233,0.0498,0.2116
2023-04-05,3753.08667,3707.868758,70419100.0,0.0233,0.0498,0.2116
2023-04-06,3843.522217,3798.304308,125329700.0,0.0233,0.0498,0.2116
2023-04-10,3888.740234,3843.522325,85757900.0,0.0233,0.0498,0.2116
2023-04-11,3888.740234,3879.696652,84322900.0,0.0233,0.0498,0.2116
2023-04-12,3897.783936,3906.827518,178923700.0,0.0233,0.0498,0.2116
2023-04-13,3924.914551,3924.914551,119431600.0,0.0233,0.0498,0.2116
2023-04-14,3924.914551,3924.914551,117305500.0,0.0233,0.0498,0.2116
2023-04-17,3861.609375,3924.914447,59688000.0,0.0233,0.0498,0.2116
2023-04-18,3861.609375,3834.47863,65644600.0,0.0233,0.0498,0.2116
2023-04-26,3979.176025,4051.52468,198984100.0,0.0233,0.0498,0.2116
2023-04-27,3906.827393,4024.393958,58407000.0,0.0233,0.0498,0.2116
2023-04-28,3843.522217,3861.60938,112116900.0,0.0233,0.0498,0.2116
2023-05-02,3789.260986,3807.348151,117097400.0,0.0233,0.0498,0.2116
2023-05-03,3753.08667,3798.304582,158597800.0,0.0233,0.0498,0.2116
2023-05-04,3753.08667,3771.173835,98421300.0,0.0233,0.0498,0.2116
2023-05-05,3771.173828,3762.130246,113408100.0,0.0233,0.0498,0.2116
2023-05-08,3671.694336,3771.173739,121002600.0,0.0233,0.0498,0.2116
2023-05-09,3680.737793,3662.650629,105907900.0,0.0233,0.0498,0.2116
2023-05-10,3734.999268,3662.650613,84306600.0,0.0233,0.0498,0.2116
2023-05-11,3698.824951,3707.868533,74171300.0,0.0233,0.0498,0.2116
2023-05-12,3599.345459,3662.65053,236777600.0,0.0233,0.0498,0.2116
2023-05-15,3599.345459,3608.389041,113329300.0,0.0233,0.0498,0.2116
2023-05-16,3599.345459,3635.519785,68777200.0,0.0233,0.0498,0.2116
2023-05-17,3608.38916,3599.345578,83183300.0,0.0233,0.0498,0.2116
2023-05-19,3635.52002,3608.389273,95986000.0,0.0233,0.0498,0.2116
2023-05-22,3653.607178,3617.432849,115578100.0,0.0233,0.0498,0.2116
2023-05-23,3653.607178,3644.563596,132751000.0,0.0233,0.0498,0.2116
2023-05-24,3762.130127,3635.519978,194127500.0,0.0233,0.0498,0.2116
2023-05-25,3725.955566,3789.260637,122121000.0,0.0233,0.0498,0.2116
2023-05-26,3734.999268,3744.042849,62211800.0,0.0233,0.0498,0.2116
2023-05-29,3798.304443,3725.955787,77540300.0,0.0233,0.0498,0.2116
2023-05-30,3725.955566,3744.042729,78924700.0,0.0233,0.0498,0.2116
2023-05-31,3653.607178,3725.955835,1155861400.0,0.0233,0.0498,0.2116
2023-06-05,3689.781494,3671.69433,189129300.0,0.0233,0.0498,0.2116
2023-06-06,3698.824951,3698.824951,95792700.0,0.0233,0.0498,0.2116
2023-06-07,3753.08667,3707.868758,127707400.0,0.0233,0.0498,0.2116
2023-06-08,3771.173828,3762.130246,78989700.0,0.0233,0.0498,0.2116
2023-06-09,3753.08667,3771.173835,83014700.0,0.0233,0.0498,0.2116
2023-06-12,3816.792725,3807.368545,94687300.0,0.0233,0.0498,0.2116
2023-06-13,3797.944336,3807.368515,69609000.0,0.0233,0.0498,0.2116
2023-06-14,3769.671875,3788.520234,110730800.0,0.0233,0.0498,0.2116
2023-06-15,3788.520264,3760.247724,85391800.0,0.0233,0.0498,0.2116
2023-06-16,3741.399414,3788.520313,160978900.0,0.0233,0.0498,0.2116
2023-06-19,3731.975098,3731.975098,54934100.0,0.0233,0.0498,0.2116
2023-06-20,3760.247803,3750.823623,55155600.0,0.0233,0.0498,0.2116
2023-06-21,3750.823486,3741.399307,60191300.0,0.0233,0.0498,0.2116
2023-06-22,3713.126953,3750.823673,56150900.0,0.0233,0.0498,0.2116
2023-06-23,3722.551025,3713.126846,41812400.0,0.0233,0.0498,0.2116
2023-06-26,3760.247803,3713.126903,36011500.0,0.0233,0.0498,0.2116
2023-06-27,3769.671875,3797.944414,64879900.0,0.0023,0.0049,0.2116
2023-07-03,3769.671875,3797.944414,75193200.0,0.0023,0.0049,0.2116
2023-07-04,3741.399414,3769.671954,33974300.0,0.0023,0.0049,0.2116
2023-07-05,3750.823486,3741.399307,43303000.0,0.0023,0.0049,0.2116
2023-07-06,3731.975098,3741.399277,68088900.0,0.0023,0.0049,0.2116
2023-07-07,3731.975098,3731.975098,50474800.0,0.0023,0.0049,0.2116
2023-07-10,3722.551025,3731.975205,65643300.0,0.0023,0.0049,0.2116
2023-07-11,3750.823486,3722.550947,89768500.0,0.0023,0.0049,0.2116
2023-07-12,3750.823486,3750.823486,73770400.0,0.0023,0.0049,0.2116
2023-07-13,3694.278564,3731.975284,83009900.0,0.0023,0.0049,0.2116
2023-07-14,3703.702637,3731.975176,64886900.0,0.0023,0.0049,0.2116
2023-07-17,3684.854248,3722.550967,81399700.0,0.0023,0.0049,0.2116
2023-07-18,3628.309326,3703.702767,135860500.0,0.0023,0.0049,0.2116
2023-07-20,3628.309326,3600.036786,88907600.0,0.0023,0.0049,0.2116
2023-07-21,3637.733398,3618.885039,53955100.0,0.0023,0.0049,0.2116
2023-07-24,3675.430176,3656.581816,80710100.0,0.0023,0.0049,0.2116
2023-07-25,3656.581787,3694.278507,66434400.0,0.0023,0.0049,0.2116
2023-07-26,3656.581787,3666.005967,86732900.0,0.0023,0.0049,0.2116
2023-07-27,3505.794922,3618.885081,235026400.0,0.0023,0.0049,0.2116
2023-07-28,3505.794922,3496.370742,181626700.0,0.0023,0.0049,0.2116
2023-07-31,3505.794922,3486.946562,153583300.0,0.0023,0.0049,0.2116
2023-08-01,3534.067383,3486.946484,97680500.0,0.0023,0.0049,0.2116
2023-08-02,3477.522461,3524.643361,121333500.0,0.0023,0.0049,0.2116
2023-08-03,3505.794922,3458.674022,82013300.0,0.0023,0.0049,0.2116
2023-08-04,3477.522461,3505.795001,67746800.0,0.0023,0.0049,0.2116
2023-08-07,3468.098145,3486.946504,94909700.0,0.0023,0.0049,0.2116
2023-08-08,3515.218994,3468.098096,116329400.0,0.0023,0.0049,0.2116
2023-08-09,3552.915771,3534.067412,129416100.0,0.0023,0.0049,0.2116
2023-08-10,3581.188232,3581.188232,140158900.0,0.0023,0.0049,0.2116
2023-08-11,3590.612549,3609.460909,109714400.0,0.0023,0.0049,0.2116
2023-08-14,3609.460938,3590.612578,86871800.0,0.0023,0.0049,0.2116
2023-08-15,3600.036621,3581.188262,80015200.0,0.0023,0.0049,0.2116
2023-08-16,3609.460938,3571.764218,81507800.0,0.0023,0.0049,0.2116
2023-08-18,3543.491699,3571.764239,108780100.0,0.0023,0.0049,0.2116
2023-08-21,3524.643311,3543.49167,64449000.0,0.0023,0.0049,0.2116
2023-08-22,3534.067383,3524.643203,98059600.0,0.0023,0.0049,0.2116
2023-08-23,3524.643311,3534.067491,84842500.0,0.0023,0.0049,0.2116
2023-08-24,3505.794922,3515.219102,82789700.0,0.0023,0.0049,0.2116
2023-08-25,3505.794922,3486.946562,42049200.0,0.0023,0.0049,0.2116
2023-08-28,3486.946533,3515.219073,37727500.0,0.0023,0.0049,0.2116
2023-08-29,3505.794922,3486.946562,53453600.0,0.0023,0.0049,0.2116
2023-08-30,3590.612549,3515.219109,130027200.0,0.0023,0.0049,0.2116
2023-08-31,3515.218994,3590.612431,227635800.0,0.0023,0.0049,0.2116
2023-09-01,3505.794922,3496.370742,82253200.0,0.0023,0.0049,0.2116
2023-09-04,3515.218994,3505.794815,55881900.0,0.0023,0.0049,0.2116
2023-09-05,3524.643311,3515.219131,62933300.0,0.0023,0.0049,0.2116
2023-09-06,3571.76416,3534.067441,98673400.0,0.0023,0.0049,0.2116
2023-09-07,3543.491699,3562.340059,63054500.0,0.0023,0.0049,0.2116
2023-09-08,3477.522461,3552.915902,143090100.0,0.0023,0.0049,0.2116
2023-09-11,3486.946533,3496.370713,76577500.0,0.0023,0.0049,0.2116
2023-09-12,3496.370605,3486.946426,72170600.0,0.0023,0.0049,0.2116
2023-09-13,3496.370605,3505.794785,82635900.0,0.0023,0.0049,0.2116
2023-09-14,3468.098145,3496.370684,55532900.0,0.0023,0.0049,0.2116
2023-09-15,3505.794922,3468.098202,147757300.0,0.0023,0.0049,0.2116
2023-09-18,3468.098145,3486.946504,40645900.0,0.0023,0.0049,0.2116
2023-09-19,3515.218994,3477.522276,38375000.0,0.0023,0.0049,0.2116
2023-09-20,3590.612549,3524.643289,171751900.0,0.0023,0.0049,0.2116
2023-09-21,3590.612549,3590.612549,94880700.0,0.0023,0.0049,0.2116
2023-09-22,3637.733398,3609.460859,101185700.0,0.0023,0.0049,0.2116
2023-09-25,3552.915771,3590.612491,125817700.0,0.0023,0.0049,0.2116
2023-09-26,3543.491699,3552.915879,74734500.0,0.0023,0.0049,0.2116
2023-09-27,3505.794922,3534.067462,83337700.0,0.0023,0.0049,0.2116
2023-09-29,3534.067383,3515.219023,66219300.0,0.0023,0.0049,0.2116
2023-09-30,3534.067383,3515.219023,66219300.0,0.0245,0.0522,0.2116
2023-10-02,3534.067383,3534.067383,71945000.0,0.0245,0.0522,0.2116
2023-10-03,3552.915771,3534.067412,61155100.0,0.0245,0.0522,0.2116
2023-10-04,3562.339844,3581.188203,77527700.0,0.0245,0.0522,0.2116
2023-10-05,3505.794922,3571.764181,81258900.0,0.0245,0.0522,0.2116
2023-10-06,3562.339844,3562.339844,60156100.0,0.0245,0.0522,0.2116
2023-10-09,3543.491699,3552.915879,37711400.0,0.0245,0.0522,0.2116
2023-10-10,3590.612549,3562.340009,51167900.0,0.0245,0.0522,0.2116
2023-10-11,3562.339844,3562.339844,83154300.0,0.0245,0.0522,0.2116
2023-10-12,3609.460938,3600.036758,101645100.0,0.0245,0.0522,0.2116
2023-10-13,3628.309326,3600.036786,48856500.0,0.0245,0.0522,0.2116
2023-10-16,3543.491699,3628.30932,117472800.0,0.0245,0.0522,0.2116
2023-10-17,3571.76416,3562.33998,57046900.0,0.0245,0.0522,0.2116
2023-10-18,3534.067383,3552.915742,64910600.0,0.0245,0.0522,0.2116
2023-10-19,3515.218994,3515.218994,62296900.0,0.0245,0.0522,0.2116
2023-10-20,3486.946533,3505.794893,38978200.0,0.0245,0.0522,0.2116
2023-10-23,3402.128906,3496.370704,69428400.0,0.0245,0.0522,0.2116
2023-10-24,3439.825684,3430.401504,67041700.0,0.0245,0.0522,0.2116
2023-10-25,3392.704834,3439.825734,89567900.0,0.0245,0.0522,0.2116
2023-10-26,3279.614502,3392.704657,141139700.0,0.0245,0.0522,0.2116
2023-10-27,3298.462891,3279.614531,99607000.0,0.0245,0.0522,0.2116
2023-10-30,3223.06958,3298.463021,82945500.0,0.0245,0.0522,0.2116
2023-10-31,3289.038818,3204.221198,66801600.0,0.0245,0.0522,0.2116
2023-11-01,3411.552979,3392.70462,154441100.0,0.0245,0.0522,0.2116
2023-11-02,3411.552979,3477.522235,69582500.0,0.0245,0.0522,0.2116
2023-11-03,3364.432129,3383.280488,85146800.0,0.0245,0.0522,0.2116
2023-11-06,3439.825684,3402.128964,66902400.0,0.0245,0.0522,0.2116
2023-11-07,3364.432129,3392.704668,103642200.0,0.0245,0.0522,0.2116
2023-11-08,3317.311279,3317.311279,103415400.0,0.0245,0.0522,0.2116
2023-11-09,3326.735352,3298.462813,96594900.0,0.0245,0.0522,0.2116
2023-11-10,3345.58374,3317.311202,48619500.0,0.0245,0.0522,0.2116
2023-11-13,3317.311279,3364.432178,37975400.0,0.0245,0.0522,0.2116
2023-11-14,3298.462891,3298.462891,45987000.0,0.0245,0.0522,0.2116
2023-11-15,3345.58374,3317.311202,114104500.0,0.0245,0.0522,0.2116
2023-11-16,3336.159668,3345.583848,41789400.0,0.0245,0.0522,0.2116
2023-11-17,3345.58374,3326.735381,55585600.0,0.0245,0.0522,0.2116
2023-11-20,3383.280518,3355.007978,39932700.0,0.0245,0.0522,0.2116
2023-11-21,3411.552979,3383.28044,68255800.0,0.0245,0.0522,0.2116
2023-11-22,3402.128906,3402.128906,34555300.0,0.0245,0.0522,0.2116
2023-11-23,3392.704834,3402.129014,57385100.0,0.0245,0.0522,0.2116
2023-11-24,3411.552979,3392.70462,34583700.0,0.0245,0.0522,0.2116
2023-11-27,3468.098145,3430.401426,73888700.0,0.0245,0.0522,0.2116
2023-11-28,3552.915771,3468.098154,106829100.0,0.0245,0.0522,0.2116
2023-11-29,3505.794922,3534.067462,56467400.0,0.0245,0.0522,0.2116
2023-11-30,3543.491699,3534.067519,258522400.0,0.0245,0.0522,0.2116
2023-12-01,3609.460938,3571.764218,81037200.0,0.0245,0.0522,0.2116
2023-12-04,3590.612549,3618.885089,118483900.0,0.0245,0.0522,0.2116
2023-12-05,3628.309326,3609.460966,74608900.0,0.0245,0.0522,0.2116
2023-12-06,3694.278564,3675.430204,149345100.0,0.0245,0.0522,0.2116
2023-12-07,3684.854248,3722.550967,91076200.0,0.0245,0.0522,0.2116
2023-12-08,3713.126953,3713.126953,61476300.0,0.0245,0.0522,0.2116
2023-12-11,3750.823486,3647.157511,99365500.0,0.0245,0.0522,0.2116
2023-12-12,3684.854248,3713.126787,58707700.0,0.0245,0.0522,0.2116
2023-12-13,3694.278564,3647.157664,54386800.0,0.0245,0.0522,0.2116
2023-12-14,3713.126953,3656.581873,70705300.0,0.0245,0.0522,0.2116
2023-12-15,3750.823486,3713.126768,109064200.0,0.0245,0.0522,0.2116
2023-12-18,3741.399414,3713.126874,60940400.0,0.0245,0.0522,0.2116
2023-12-19,3741.399414,3722.551054,32984500.0,0.0245,0.0522,0.2116
2023-12-20,3731.975098,3731.975098,59574800.0,0.0245,0.0522,0.2116
2023-12-21,3722.551025,3731.975205,48242100.0,0.0245,0.0522,0.2116
2023-12-22,3731.975098,3750.823457,28222700.0,0.0245,0.0522,0.2116
2023-12-27,3713.126953,3760.247854,73157200.0,0.0245,0.0522,0.2116
2023-12-28,3731.975098,3731.975098,34024400.0,0.0245,0.0522,0.2116
2023-12-29,3722.551025,3731.975205,27497600.0,0.0245,0.0522,0.2116
2023-12-31,3722.551025,3731.975205,27497600.0,0.0195,0.0412,0.2044
2024-01-02,3760.247803,3722.551083,23774100.0,0.0195,0.0412,0.2044
2024-01-03,3731.975098,3760.247636,22018500.0,0.0195,0.0412,0.2044
2024-01-04,3741.399414,3750.823594,33922400.0,0.0195,0.0412,0.2044
2024-01-05,3666.005859,3722.550937,69268000.0,0.0195,0.0412,0.2044
2024-01-08,3666.005859,3666.005859,61064100.0,0.0195,0.0412,0.2044
2024-01-09,3731.975098,3703.702559,64015400.0,0.0195,0.0412,0.2044
2024-01-10,3769.671875,3769.671875,99083600.0,0.0195,0.0412,0.2044
2024-01-11,3760.247803,3807.368703,36333300.0,0.0195,0.0412,0.2044
2024-01-12,3779.096191,3741.399471,53685600.0,0.0195,0.0412,0.2044
2024-01-15,3769.671875,3807.368594,38339500.0,0.0195,0.0412,0.2044
2024-01-16,3779.096191,3788.520371,44782300.0,0.0195,0.0412,0.2044
2024-01-17,3760.247803,3769.671983,62728400.0,0.0195,0.0412,0.2044
2024-01-18,3722.551025,3760.247745,73029300.0,0.0195,0.0412,0.2044
2024-01-19,3713.126953,3722.551133,67016100.0,0.0195,0.0412,0.2044
2024-01-22,3750.823486,3750.823486,50643700.0,0.0195,0.0412,0.2044
2024-01-23,3722.551025,3769.671924,72595400.0,0.0195,0.0412,0.2044
2024-01-24,3741.399414,3722.551054,38732000.0,0.0195,0.0412,0.2044
2024-01-25,3750.823486,3750.823486,58541300.0,0.0195,0.0412,0.2044
2024-01-26,3750.823486,3713.126768,65272600.0,0.0195,0.0412,0.2044
2024-01-29,3779.096191,3769.672011,59150000.0,0.0195,0.0412,0.2044
2024-01-30,3769.671875,3769.671875,66906900.0,0.0195,0.0412,0.2044
2024-01-31,3731.975098,3769.671816,100403700.0,0.0195,0.0412,0.2044
2024-02-01,3807.368652,3741.399394,105414400.0,0.0195,0.0412,0.2044
2024-02-02,3760.247803,3797.944523,96180000.0,0.0195,0.0412,0.2044
2024-02-05,3750.823486,3779.096025,57789500.0,0.0195,0.0412,0.2044
2024-02-06,3750.823486,3741.399307,65167500.0,0.0195,0.0412,0.2044
2024-02-07,3750.823486,3779.096025,53084600.0,0.0195,0.0412,0.2044
2024-02-12,3769.671875,3769.671875,85763200.0,0.0195,0.0412,0.2044
2024-02-13,3750.823486,3779.096025,52020300.0,0.0195,0.0412,0.2044
2024-02-15,3797.944336,3807.368515,129347900.0,0.0195,0.0412,0.2044
2024-02-16,3920.45874,3816.792764,244064200.0,0.0195,0.0412,0.2044
2024-02-19,3920.45874,3892.186201,82867500.0,0.0195,0.0412,0.2044
2024-02-20,3967.57959,3958.15541,267636700.0,0.0195,0.0412,0.2044
2024-02-21,3939.307129,3948.731309,152787100.0,0.0195,0.0412,0.2044
2024-02-22,3854.489502,3892.186221,93555100.0,0.0195,0.0412,0.2044
2024-02-23,3863.913818,3835.641278,87665800.0,0.0195,0.0412,0.2044
2024-02-26,3854.489502,3826.216963,55761700.0,0.0195,0.0412,0.2044
2024-02-27,3760.247803,3816.792882,119637000.0,0.0195,0.0412,0.2044
2024-02-28,3760.247803,3750.823623,77255300.0,0.0195,0.0412,0.2044
2024-02-29,3769.671875,3788.520234,157431900.0,0.0195,0.0412,0.2044
2024-03-01,3694.278564,3722.551104,139582000.0,0.0195,0.0412,0.2044
2024-03-04,3713.126953,3731.975313,81580800.0,0.0195,0.0412,0.2044
2024-03-05,3647.157471,3656.58165,100671500.0,0.0195,0.0412,0.2044
2024-03-06,3675.430176,3647.157636,83251500.0,0.0195,0.0412,0.2044
2024-03-07,3675.430176,3675.430176,86888100.0,0.0195,0.0412,0.2044
2024-03-08,3637.733398,3675.430118,101556500.0,0.0195,0.0412,0.2044
2024-03-13,3675.430176,3684.854356,106191400.0,0.0195,0.0412,0.2044
2024-03-14,3731.975098,3703.702559,122570700.0,0.0195,0.0412,0.2044
2024-03-15,3741.399414,3769.671954,184885900.0,0.0195,0.0412,0.2044
2024-03-18,3694.278564,3731.975284,57508300.0,0.0195,0.0412,0.2044
2024-03-19,3713.126953,3750.823673,51629700.0,0.0195,0.0412,0.2044
2024-03-20,3703.702637,3684.854277,84777400.0,0.0195,0.0412,0.2044
2024-03-21,3666.005859,3703.702578,81520900.0,0.0195,0.0412,0.2044
2024-03-22,3675.430176,3675.430176,44501700.0,0.0195,0.0412,0.2044
2024-03-25,3515.218994,3666.005868,313394400.0,0.0195,0.0412,0.2044
2024-03-26,3411.552979,3468.098056,354086400.0,0.0195,0.0412,0.2044
2024-03-27,3289.038818,3402.128978,496202800.0,0.0195,0.0412,0.2044
2024-03-28,3270.19043,3270.19043,258985200.0,0.0195,0.0412,0.2044
2024-03-31,3270.19043,3270.19043,258985200.0,0.0211,0.0445,0.2044
2024-04-01,3307.887207,3279.614667,248116300.0,0.0211,0.0445,0.2044
2024-04-02,3289.038818,3260.766278,233017700.0,0.0211,0.0445,0.2044
2024-04-03,3223.06958,3251.34212,150265700.0,0.0211,0.0445,0.2044
2024-04-04,3251.342041,3213.645322,205184000.0,0.0211,0.0445,0.2044
2024-04-05,3232.493652,3241.917832,116051700.0,0.0211,0.0445,0.2044
2024-04-16,3034.585938,3072.282657,490658200.0,0.0211,0.0445,0.2044
2024-04-17,3015.737549,3034.585909,187876400.0,0.0211,0.0445,0.2044
2024-04-18,3062.858398,3006.31332,337490100.0,0.0211,0.0445,0.2044
2024-04-19,2968.616699,3044.010139,149997000.0,0.0211,0.0445,0.2044
2024-04-22,2987.465088,2968.616728,140971800.0,0.0211,0.0445,0.2044
2024-04-23,2921.49585,2996.889291,312052300.0,0.0211,0.0445,0.2044
2024-04-24,2864.950684,2921.495763,327330800.0,0.0211,0.0445,0.2044
2024-04-25,2864.950684,2836.678144,369525200.0,0.0211,0.0445,0.2044
2024-04-26,2855.526367,2808.40547,442527900.0,0.0211,0.0445,0.2044
2024-04-29,2902.647461,2855.526561,172773600.0,0.0211,0.0445,0.2044
2024-04-30,2987.465088,2940.344187,273121800.0,0.0211,0.0445,0.2044
2024-05-02,2940.343994,2987.464891,157637100.0,0.0211,0.0445,0.2044
2024-05-03,2978.040771,2996.889131,127945300.0,0.0211,0.0445,0.2044
2024-05-06,2874.374756,2996.88909,221330900.0,0.0211,0.0445,0.2044
2024-05-07,2912.071533,2893.223174,124914600.0,0.0211,0.0445,0.2044
2024-05-08,2902.647461,2949.768361,120622600.0,0.0211,0.0445,0.2044
2024-05-13,2912.071533,2893.223174,133048300.0,0.0211,0.0445,0.2044
2024-05-14,2940.343994,2921.495635,104126800.0,0.0211,0.0445,0.2044
2024-05-15,2921.49585,2940.34421,149143600.0,0.0211,0.0445,0.2044
2024-05-16,3010.0,2960.0,196239200.0,0.0211,0.0445,0.2044
2024-05-17,2990.0,3050.0,120345300.0,0.0211,0.0445,0.2044
2024-05-20,2990.0,2950.0,215877500.0,0.0211,0.0445,0.2044
2024-05-21,2950.0,2990.0,138864400.0,0.0211,0.0445,0.2044
2024-05-22,2940.0,2980.0,145109200.0,0.0211,0.0445,0.2044
2024-05-27,2810.0,2900.0,246979600.0,0.0211,0.0445,0.2044
2024-05-28,2860.0,2810.0,113093300.0,0.0211,0.0445,0.2044
2024-05-29,2810.0,2850.0,148952900.0,0.0211,0.0445,0.2044
2024-05-30,2810.0,2810.0,253471800.0,0.0211,0.0445,0.2044
2024-05-31,2900.0,2840.0,411324600.0,0.0211,0.0445,0.2044
2024-06-03,2930.0,2930.0,124570400.0,0.0211,0.0445,0.2044
2024-06-04,3000.0,2980.0,130203100.0,0.0211,0.0445,0.2044
2024-06-05,3060.0,3000.0,141157300.0,0.0211,0.0445,0.2044
2024-06-06,3050.0,3100.0,107996900.0,0.0211,0.0445,0.2044
2024-06-07,3050.0,3050.0,67191100.0,0.0211,0.0445,0.2044
2024-06-10,3010.0,3050.0,66983900.0,0.0211,0.0445,0.2044
2024-06-11,2880.0,2960.0,172688100.0,0.0211,0.0445,0.2044
2024-06-12,2920.0,2890.0,91584500.0,0.0211,0.0445,0.2044
2024-06-13,2840.0,2940.0,95740000.0,0.0211,0.0445,0.2044
2024-06-14,2720.0,2820.0,202750500.0,0.0211,0.0445,0.2044
2024-06-19,2830.0,2780.0,128843500.0,0.0211,0.0445,0.2044
2024-06-20,2840.0,2850.0,55434800.0,0.0211,0.0445,0.2044
2024-06-21,2950.0,2850.0,184918000.0,0.0211,0.0445,0.2044
2024-06-24,2950.0,2930.0,111618800.0,0.0211,0.0445,0.2044
2024-06-25,2990.0,2950.0,89913400.0,0.0211,0.0445,0.2044
2024-06-26,3000.0,2990.0,73994000.0,0.0211,0.0445,0.2044
2024-06-27,3030.0,3030.0,70154600.0,0.0211,0.0445,0.2044
2024-06-28,3130.0,3030.0,213539300.0,0.0211,0.0445,0.2044
2024-06-30,3130.0,3030.0,213539300.0,0.0199,0.042,0.2044
2024-07-01,3090.0,3130.0,134082800.0,0.0199,0.042,0.2044
2024-07-02,3040.0,3070.0,79024200.0,0.0199,0.042,0.2044
2024-07-03,3030.0,3040.0,51977100.0,0.0199,0.042,0.2044
2024-07-04,2960.0,3000.0,93100500.0,0.0199,0.042,0.2044
2024-07-05,3020.0,2970.0,69339200.0,0.0199,0.042,0.2044
2024-07-08,3080.0,3040.0,125004600.0,0.0199,0.042,0.2044
2024-07-09,3080.0,3050.0,118245600.0,0.0199,0.042,0.2044
2024-07-10,3160.0,3090.0,120007400.0,0.0199,0.042,0.2044
2024-07-11,3180.0,3200.0,126490000.0,0.0199,0.042,0.2044
2024-07-12,3220.0,3230.0,135830300.0,0.0199,0.042,0.2044
2024-07-15,3160.0,3220.0,100918500.0,0.0199,0.042,0.2044
2024-07-16,3100.0,3180.0,78769700.0,0.0199,0.042,0.2044
2024-07-17,3250.0,3190.0,167149300.0,0.0199,0.042,0.2044
2024-07-18,3210.0,3260.0,98903500.0,0.0199,0.042,0.2044
2024-07-19,3140.0,3200.0,138117200.0,0.0199,0.042,0.2044
2024-07-22,3100.0,3180.0,139383000.0,0.0199,0.042,0.2044
2024-07-23,3160.0,3140.0,74338000.0,0.0199,0.042,0.2044
2024-07-24,3060.0,3140.0,98752100.0,0.0199,0.042,0.2044
2024-07-25,3090.0,3080.0,67060000.0,0.0199,0.042,0.2044
2024-07-26,3100.0,3110.0,94900300.0,0.0199,0.042,0.2044
2024-07-29,3050.0,3090.0,90885600.0,0.0199,0.042,0.2044
2024-07-30,2880.0,3000.0,321472800.0,0.0199,0.042,0.2044
2024-07-31,2880.0,2880.0,207440800.0,0.0199,0.042,0.2044
2024-08-01,2880.0,2890.0,121021800.0,0.0199,0.042,0.2044
2024-08-02,2850.0,2880.0,105816800.0,0.0199,0.042,0.2044
2024-08-05,2790.0,2820.0,105246400.0,0.0199,0.042,0.2044
2024-08-06,2790.0,2800.0,98524200.0,0.0199,0.042,0.2044
2024-08-07,2820.0,2800.0,77263000.0,0.0199,0.042,0.2044
2024-08-08,2850.0,2800.0,99533000.0,0.0199,0.042,0.2044
2024-08-09,2830.0,2860.0,80800300.0,0.0199,0.042,0.2044
2024-08-12,2870.0,2850.0,62746600.0,0.0199,0.042,0.2044
2024-08-13,2850.0,2900.0,82063600.0,0.0199,0.042,0.2044
2024-08-14,2860.0,2850.0,70188800.0,0.0199,0.042,0.2044
2024-08-15,2870.0,2870.0,79724100.0,0.0199,0.042,0.2044
2024-08-16,2960.0,2910.0,207060000.0,0.0199,0.042,0.2044
2024-08-19,2930.0,2960.0,68692700.0,0.0199,0.042,0.2044
2024-08-20,2980.0,2990.0,100434600.0,0.0199,0.042,0.2044
2024-08-21,2970.0,2980.0,111842200.0,0.0199,0.042,0.2044
2024-08-22,2920.0,2940.0,90336300.0,0.0199,0.042,0.2044
2024-08-23,2950.0,2970.0,86092500.0,0.0199,0.042,0.2044
2024-08-26,2980.0,2940.0,88941900.0,0.0199,0.042,0.2044
2024-08-27,2990.0,2990.0,71223800.0,0.0199,0.042,0.2044
2024-08-28,2980.0,3000.0,68736300.0,0.0199,0.042,0.2044
2024-08-29,3030.0,2980.0,160714800.0,0.0199,0.042,0.2044
2024-08-30,3060.0,3030.0,195809000.0,0.0199,0.042,0.2044
2024-09-02,3140.0,3090.0,118928500.0,0.0199,0.042,0.2044
2024-09-03,3080.0,3140.0,82172000.0,0.0199,0.042,0.2044
2024-09-04,3080.0,3060.0,81041700.0,0.0199,0.042,0.2044
2024-09-05,3020.0,3080.0,78989400.0,0.0199,0.042,0.2044
2024-09-06,3040.0,3010.0,82391200.0,0.0199,0.042,0.2044
2024-09-09,3030.0,3050.0,69264400.0,0.0199,0.042,0.2044
2024-09-10,3030.0,3060.0,46436100.0,0.0199,0.042,0.2044
2024-09-11,3040.0,3030.0,62899600.0,0.0199,0.042,0.2044
2024-09-12,3050.0,3060.0,85785000.0,0.0199,0.042,0.2044
2024-09-13,3110.0,3080.0,125032200.0,0.0199,0.042,0.2044
2024-09-17,3090.0,3120.0,56181000.0,0.0199,0.042,0.2044
2024-09-18,3120.0,3120.0,87120700.0,0.0199,0.042,0.2044
2024-09-19,3140.0,3140.0,130418300.0,0.0199,0.042,0.2044
2024-09-20,3150.0,3150.0,152477400.0,0.0199,0.042,0.2044
2024-09-23,3170.0,3150.0,82274400.0,0.0199,0.042,0.2044
2024-09-24,3160.0,3180.0,92256900.0,0.0199,0.042,0.2044
2024-09-25,3190.0,3100.0,215241700.0,0.0199,0.042,0.2044
2024-09-26,3170.0,3170.0,120042500.0,0.0199,0.042,0.2044
2024-09-27,3050.0,3130.0,291217300.0,0.0199,0.042,0.2044
2024-09-30,2990.0,3030.0,150844800.0,0.0206,0.0435,0.2044
2024-10-01,3020.0,2990.0,77208500.0,0.0206,0.0435,0.2044
2024-10-02,2920.0,2950.0,124629400.0,0.0206,0.0435,0.2044
2024-10-03,2890.0,2950.0,92510900.0,0.0206,0.0435,0.2044
2024-10-04,2880.0,2900.0,76757200.0,0.0206,0.0435,0.2044
2024-10-07,2900.0,2910.0,84507100.0,0.0206,0.0435,0.2044
2024-10-08,2990.0,2890.0,135357200.0,0.0206,0.0435,0.2044
2024-10-09,2960.0,2980.0,69435900.0,0.0206,0.0435,0.2044
2024-10-10,2950.0,2960.0,57867000.0,0.0206,0.0435,0.2044
2024-10-11,2940.0,3000.0,40454300.0,0.0206,0.0435,0.2044
2024-10-14,2900.0,2930.0,66631500.0,0.0206,0.0435,0.2044
2024-10-15,2940.0,2920.0,74529600.0,0.0206,0.0435,0.2044
2024-10-16,3000.0,2970.0,163988000.0,0.0206,0.0435,0.2044
2024-10-17,3040.0,3000.0,107040100.0,0.0206,0.0435,0.2044
2024-10-18,3100.0,3050.0,138783600.0,0.0206,0.0435,0.2044
2024-10-21,3100.0,3100.0,92240300.0,0.0206,0.0435,0.2044
2024-10-22,3010.0,3060.0,93662500.0,0.0206,0.0435,0.2044
2024-10-23,2940.0,2940.0,99423700.0,0.0206,0.0435,0.2044
2024-10-24,2900.0,2940.0,72559000.0,0.0206,0.0435,0.2044
2024-10-25,2910.0,2900.0,50694200.0,0.0206,0.0435,0.2044
2024-10-28,2920.0,2920.0,38720700.0,0.0206,0.0435,0.2044
2024-10-29,2900.0,2910.0,67727500.0,0.0206,0.0435,0.2044
2024-10-30,2900.0,2880.0,123573100.0,0.0206,0.0435,0.2044
2024-10-31,2820.0,2860.0,139590300.0,0.0206,0.0435,0.2044
2024-11-01,2780.0,2820.0,99364500.0,0.0206,0.0435,0.2044
2024-11-04,2800.0,2780.0,63112300.0,0.0206,0.0435,0.2044
2024-11-05,2770.0,2800.0,96721100.0,0.0206,0.0435,0.2044
2024-11-06,2740.0,2780.0,66808900.0,0.0206,0.0435,0.2044
2024-11-07,2760.0,2760.0,79485800.0,0.0206,0.0435,0.2044
2024-11-08,2750.0,2760.0,66113200.0,0.0206,0.0435,0.2044
2024-11-11,2690.0,2720.0,108153500.0,0.0206,0.0435,0.2044
2024-11-12,2600.0,2660.0,215910600.0,0.0206,0.0435,0.2044
2024-11-13,2580.0,2610.0,142812600.0,0.0206,0.0435,0.2044
2024-11-14,2530.0,2550.0,185269500.0,0.0206,0.0435,0.2044
2024-11-15,2540.0,2500.0,103680400.0,0.0206,0.0435,0.2044
2024-11-18,2590.0,2540.0,119481300.0,0.0206,0.0435,0.2044
2024-11-19,2780.0,2610.0,275670300.0,0.0206,0.0435,0.2044
2024-11-20,2680.0,2740.0,150242900.0,0.0206,0.0435,0.2044
2024-11-21,2770.0,2680.0,128294600.0,0.0206,0.0435,0.2044
2024-11-22,2750.0,2750.0,135265300.0,0.0206,0.0435,0.2044
2024-11-25,2740.0,2740.0,358617100.0,0.0206,0.0435,0.2044
2024-11-26,2710.0,2770.0,106721000.0,0.0206,0.0435,0.2044
2024-11-28,2720.0,2680.0,102808400.0,0.0206,0.0435,0.2044
2024-11-29,2710.0,2700.0,103162000.0,0.0206,0.0435,0.2044
2024-12-02,2680.0,2720.0,66025900.0,0.0206,0.0435,0.2044
2024-12-03,2820.0,2760.0,167603900.0,0.0206,0.0435,0.2044
2024-12-04,2840.0,2820.0,83412800.0,0.0206,0.0435,0.2044
2024-12-05,2770.0,2840.0,96025400.0,0.0206,0.0435,0.2044
2024-12-06,2760.0,2740.0,48179800.0,0.0206,0.0435,0.2044
2024-12-09,2740.0,2760.0,63671900.0,0.0206,0.0435,0.2044
2024-12-10,2770.0,2770.0,124138200.0,0.0206,0.0435,0.2044
2024-12-11,2860.0,2770.0,140611400.0,0.0206,0.0435,0.2044
2024-12-12,2820.0,2830.0,66977700.0,0.0206,0.0435,0.2044
2024-12-13,2790.0,2770.0,77540100.0,0.0206,0.0435,0.2044
2024-12-16,2660.0,2760.0,147655600.0,0.0206,0.0435,0.2044
2024-12-17,2620.0,2630.0,113785500.0,0.0206,0.0435,0.2044
2024-12-18,2570.0,2620.0,79565300.0,0.0206,0.0435,0.2044
2024-12-19,2530.0,2510.0,123504200.0,0.0206,0.0435,0.2044
2024-12-20,2550.0,2530.0,110308800.0,0.0206,0.0435,0.2044
2024-12-23,2650.0,2580.0,72113700.0,0.0206,0.0435,0.2044
2024-12-24,2740.0,2680.0,117582400.0,0.0206,0.0435,0.2044
2024-12-27,2750.0,2770.0,92727600.0,0.0206,0.0435,0.2044
2024-12-30,2710.0,2720.0,74279200.0,0.0206,0.0435,0.2044
2024-12-31,2710.0,2720.0,74279200.0,0.02,0.042,0.1796
2025-01-02,2700.0,2710.0,38776700.0,0.02,0.042,0.1796
2025-01-03,2750.0,2740.0,49907500.0,0.02,0.042,0.1796
2025-01-06,2690.0,2760.0,54087800.0,0.02,0.042,0.1796
2025-01-07,2570.0,2670.0,109758000.0,0.02,0.042,0.1796
2025-01-08,2650.0,2590.0,100688500.0,0.02,0.042,0.1796
2025-01-09,2620.0,2690.0,55206700.0,0.02,0.042,0.1796
2025-01-10,2680.0,2640.0,54496800.0,0.02,0.042,0.1796
2025-01-13,2670.0,2670.0,90816500.0,0.02,0.042,0.1796
2025-01-14,2620.0,2670.0,53116800.0,0.02,0.042,0.1796
2025-01-15,2630.0,2640.0,52867900.0,0.02,0.042,0.1796
2025-01-16,2590.0,2660.0,118890200.0,0.02,0.042,0.1796
2025-01-17,2660.0,2630.0,107245400.0,0.02,0.042,0.1796
2025-01-20,2610.0,2670.0,49752300.0,0.02,0.042,0.1796
2025-01-21,2630.0,2630.0,86549000.0,0.02,0.042,0.1796
2025-01-22,2730.0,2680.0,128617700.0,0.02,0.042,0.1796
2025-01-23,2710.0,2730.0,63216100.0,0.02,0.042,0.1796
2025-01-24,2690.0,2740.0,49844700.0,0.02,0.042,0.1796
2025-01-30,2640.0,2690.0,89736900.0,0.02,0.042,0.1796
2025-01-31,2660.0,2660.0,83736900.0,0.02,0.042,0.1796
2025-02-03,2630.0,2620.0,91801900.0,0.02,0.042,0.1796
2025-02-04,2640.0,2640.0,95311100.0,0.02,0.042,0.1796
2025-02-05,2620.0,2600.0,110400300.0,0.02,0.042,0.1796
2025-02-06,2560.0,2630.0,90471900.0,0.02,0.042,0.1796
2025-02-07,2590.0,2550.0,105020200.0,0.02,0.042,0.1796
2025-02-10,2440.0,2520.0,153328500.0,0.02,0.042,0.1796
2025-02-11,2320.0,2430.0,254907800.0,0.02,0.042,0.1796
2025-02-12,2480.0,2360.0,173407600.0,0.02,0.042,0.1796
2025-02-13,2420.0,2370.0,219425500.0,0.02,0.042,0.1796
2025-02-14,2530.0,2460.0,156474300.0,0.02,0.042,0.1796
2025-02-17,2650.0,2570.0,113998200.0,0.02,0.042,0.1796
2025-02-18,2680.0,2660.0,115881200.0,0.02,0.042,0.1796
2025-02-19,2670.0,2680.0,119388200.0,0.02,0.042,0.1796
2025-02-20,2670.0,2650.0,90411700.0,0.02,0.042,0.1796
2025-02-21,2650.0,2670.0,75110600.0,0.02,0.042,0.1796
2025-02-24,2600.0,2630.0,42327600.0,0.02,0.042,0.1796
2025-02-25,2460.0,2560.0,111687700.0,0.02,0.042,0.1796
2025-02-26,2520.0,2500.0,65752000.0,0.02,0.042,0.1796
2025-02-27,2490.0,2520.0,88741400.0,0.02,0.042,0.1796
2025-02-28,2350.0,2470.0,249795300.0,0.02,0.042,0.1796
2025-03-03,2400.0,2400.0,178833400.0,0.02,0.042,0.1796
2025-03-04,2380.0,2400.0,131347800.0,0.02,0.042,0.1796
2025-03-05,2450.0,2420.0,167407400.0,0.02,0.042,0.1796
2025-03-06,2400.0,2490.0,131136100.0,0.02,0.042,0.1796
2025-03-07,2410.0,2430.0,182407000.0,0.02,0.042,0.1796
2025-03-10,2390.0,2430.0,88949400.0,0.02,0.042,0.1796
2025-03-11,2370.0,2380.0,102235600.0,0.02,0.042,0.1796
2025-03-12,2450.0,2410.0,98938700.0,0.02,0.042,0.1796
2025-03-13,2430.0,2470.0,66706500.0,0.02,0.042,0.1796
2025-03-14,2420.0,2450.0,107627100.0,0.02,0.042,0.1796
2025-03-17,2420.0,2420.0,58129400.0,0.02,0.042,0.1796
2025-03-18,2420.0,2450.0,139758600.0,0.02,0.042,0.1796
2025-03-19,2430.0,2420.0,96825800.0,0.02,0.042,0.1796
2025-03-20,2390.0,2440.0,94823100.0,0.02,0.042,0.1796
2025-03-21,2310.0,2370.0,204534000.0,0.02,0.042,0.1796
2025-03-24,2330.0,2320.0,105865000.0,0.02,0.042,0.1796
2025-03-25,2340.0,2340.0,107964200.0,0.02,0.042,0.1796
2025-03-26,2440.0,2360.0,215856700.0,0.02,0.042,0.1796
2025-03-27,2410.0,2430.0,120411200.0,0.02,0.042,0.1796
2025-03-31,2410.0,2430.0,120411200.0,0.02,0.042,0.1796
2025-04-08,2290.0,2050.0,409973200.0,0.02,0.042,0.1796
2025-04-09,2320.0,2440.0,120363300.0,0.02,0.042,0.1796
2025-04-10,2350.0,2450.0,139327100.0,0.02,0.042,0.1796
2025-04-11,2330.0,2320.0,60214100.0,0.02,0.042,0.1796
2025-04-14,2430.0,2320.0,116968600.0,0.02,0.042,0.1796
2025-04-15,2450.0,2460.0,99064500.0,0.02,0.042,0.1796
2025-04-16,2480.0,2490.0,121853000.0,0.02,0.042,0.1796
2025-04-17,2550.0,2500.0,195577900.0,0.02,0.042,0.1796
2025-04-21,2570.0,2600.0,84209300.0,0.02,0.042,0.1796
2025-04-22,2550.0,2570.0,44958000.0,0.02,0.042,0.1796
2025-04-23,2630.0,2580.0,128704200.0,0.02,0.042,0.1796
2025-04-24,2630.0,2630.0,75733400.0,0.02,0.042,0.1796
2025-04-25,2600.0,2630.0,93439600.0,0.02,0.042,0.1796
2025-04-28,2560.0,2600.0,51086400.0,0.02,0.042,0.1796
2025-04-29,2590.0,2570.0,56546100.0,0.02,0.042,0.1796
2025-04-30,2640.0,2600.0,96333300.0,0.02,0.042,0.1796
2025-05-02,2680.0,2640.0,132357600.0,0.02,0.042,0.1796
2025-05-05,2700.0,2710.0,85592500.0,0.02,0.042,0.1796
2025-05-06,2680.0,2720.0,76948300.0,0.02,0.042,0.1796
2025-05-07,2620.0,2680.0,100293700.0,0.02,0.042,0.1796
2025-05-08,2570.0,2630.0,122965300.0,0.02,0.042,0.1796
2025-05-09,2600.0,2570.0,59433500.0,0.02,0.042,0.1796
