,Close,Open,Volume,Net Income,Stockholders Equity,Long Term Debt,Total Assets
2022-01-03,3646.82861328125,3542.1349688808314,65937900.0,,,,
2022-01-04,3638.104248046875,3646.8287186656926,42984700.0,,,,
2022-01-05,3533.410400390625,3620.655101634838,119584700.0,,,,
2022-01-06,3594.4814453125,3568.3080367301277,89197500.0,,,,
2022-01-07,3638.104248046875,3594.4818949527876,68415100.0,,,,
2022-01-10,3577.03271484375,3646.828475133384,44921200.0,,,,
2022-01-11,3568.30810546875,3594.481514555318,61890200.0,,,,
2022-01-12,3585.757080078125,3585.757080078125,45132700.0,,,,
2022-01-13,3646.82861328125,3638.1041429145484,84148400.0,,,,
2022-01-14,3655.552978515625,3611.9306279366797,28193100.0,,,,
2022-01-17,3646.82861328125,3664.277554014653,39816300.0,,,,
2022-01-18,3707.899658203125,3664.277309283088,112212200.0,,,,
2022-01-19,3707.899658203125,3716.6241279871324,88713900.0,,,,
2022-01-20,3681.726318359375,3751.522077949126,100014500.0,,,,
2022-01-21,3777.695556640625,3699.175325671189,75534800.0,,,,
2022-01-24,3751.522216796875,3716.624335710392,70404500.0,,,,
2022-01-25,3742.7978515625,3760.246792595425,116353600.0,,,,
2022-01-26,3830.042236328125,3821.3177665415005,127641400.0,,,,
2022-01-27,3725.3486328125,3838.7667410714284,98613900.0,,,,
2022-01-28,3716.624267578125,3716.624267578125,61686700.0,,,,
2022-01-31,3655.552978515625,3673.001918747203,88735900.0,,,,
2022-02-02,3638.104248046875,3638.104248046875,144006000.0,,,,
2022-02-03,3664.27734375,3664.27734375,58212400.0,,,,
2022-02-04,3690.45068359375,3716.624092697252,98728700.0,,,,
2022-02-07,3742.7978515625,3690.4510284637236,90285800.0,,,,
2022-02-08,3690.45068359375,3734.0730320995863,71210400.0,,,,
2022-02-09,3734.073486328125,3734.073486328125,95375000.0,,,,
2022-02-10,3891.113525390625,3838.7667066633967,233984700.0,,,,
2022-02-11,3882.388916015625,3926.011263386587,130081900.0,,,,
2022-02-14,3838.766845703125,3821.3179054953835,104903700.0,,,,
2022-02-15,3847.491455078125,3838.7669846584467,75305900.0,,,,
2022-02-16,3838.766845703125,3856.2157859108665,90121200.0,,,,
2022-02-17,3847.491455078125,3838.7669846584467,72970200.0,,,,
2022-02-18,3838.766845703125,3856.2157859108665,71111300.0,,,,
2022-02-21,3812.593505859375,3812.593505859375,58883000.0,,,,
2022-02-22,3751.522216796875,3768.971157340116,106985800.0,,,,
2022-02-23,3795.144287109375,3734.0729997306034,110562400.0,,,,
2022-02-24,3699.17529296875,3734.0731730910966,126158600.0,,,,
2022-02-25,3786.419921875,3699.1752232142853,208757000.0,,,,
2022-03-01,3795.144287109375,4048.15390625,206416900.0,,,,
2022-03-02,3742.7978515625,3838.7670272435894,152165300.0,,,,
2022-03-04,3838.766845703125,3873.6647261186076,155369100.0,,,,
2022-03-07,3934.736083984375,3838.766911204268,177360400.0,,,,
2022-03-08,4030.705078125,4013.256138392857,234086000.0,,,,
2022-03-09,3873.664794921875,3969.6339677690385,145145900.0,,,,
2022-03-10,3847.491455078125,3926.0116888552297,130830800.0,,,,
2022-03-11,4004.531982421875,3847.4915125229777,143446200.0,,,,
2022-03-14,3995.80712890625,4056.878416902634,166572700.0,,,,
2022-03-15,4030.705078125,4039.429547991071,231077800.0,,,,
2022-03-16,4039.429443359375,4065.60285227963,109961900.0,,,,
2022-03-17,3908.562744140625,3969.6340370178223,246300800.0,,,,
2022-03-18,3960.909423828125,3917.287073345436,210266100.0,,,,
2022-03-21,3969.634033203125,3969.634033203125,79691600.0,,,,
2022-03-22,3969.634033203125,3969.634033203125,98699900.0,,,,
2022-03-23,3969.634033203125,3969.634033203125,78299500.0,,,,
2022-03-24,3978.35791015625,3926.011095548931,89578400.0,,,,
2022-03-25,3943.460693359375,3934.736222798845,90053700.0,,,,
2022-03-28,4013.255859375,3934.7356360394024,184131000.0,,,,
2022-03-29,3978.35791015625,4013.2557865611293,77920800.0,,,,
2022-03-30,3995.80712890625,4030.7050077613267,118749100.0,,,,
2022-03-31,3995.80712890625,4030.7050077613267,108109700.0,,,,
2022-04-01,3995.80712890625,3969.6337197649427,86590300.0,,,,
2022-04-04,3960.909423828125,3978.3583640212,103480300.0,,,,
2022-04-05,3943.460693359375,3969.6341050409637,52172300.0,,,,
2022-04-06,3864.940185546875,3917.2870052156813,108368800.0,,,,
2022-04-07,3960.909423828125,3882.389192959285,143921800.0,,,,
2022-04-08,3995.80712890625,3995.80712890625,161974500.0,,,,
2022-04-11,4004.531982421875,4021.9809235217526,90521500.0,,,,
2022-04-12,4039.429443359375,4030.7049737192897,187948000.0,,,,
2022-04-13,4091.7763671875,4100.500837053572,196864200.0,,,,
2022-04-14,4083.052001953125,4100.500942132412,112735200.0,,,,
2022-04-18,4109.22509765625,4117.949567078026,120778200.0,,,,
2022-04-19,4083.052001953125,4135.398822490985,92268300.0,,,,
2022-04-20,4039.429443359375,4083.0517915598,88360900.0,,,,
2022-04-21,4030.705078125,4030.705078125,97575800.0,,,,
2022-04-22,4030.705078125,4030.705078125,101299100.0,,,,
2022-04-25,4109.22509765625,4021.9804034384956,92045500.0,,,,
2022-04-26,4152.84765625,4083.0518973214284,85945800.0,,,,
2022-04-27,4161.572265625,4117.949914832286,136485600.0,,,,
2022-04-28,4030.705078125,4231.367885044642,198484800.0,,,,
2022-05-09,3760.24658203125,3978.3583327291185,343682000.0,,,,
2022-05-10,3786.419921875,3594.4815848214284,281386300.0,,,,
2022-05-11,3777.695556640625,3838.76684739463,154455400.0,,,,
2022-05-12,3751.522216796875,3786.4200978833574,233518500.0,,,,
2022-05-13,3716.624267578125,3707.8997974664394,190889200.0,,,,
2022-05-17,3646.82861328125,3707.899905848161,170880700.0,,,,
2022-05-18,3707.899658203125,3690.45071863511,185359500.0,,,,
2022-05-19,3673.001708984375,3646.8283001317545,112679300.0,,,,
2022-05-20,3638.104248046875,3681.726601140962,141701800.0,,,,
2022-05-23,3585.757080078125,3629.379428984185,196569900.0,,,,
2022-05-24,3620.6552734375,3594.4818618222894,151693700.0,,,,
2022-05-25,3664.27734375,3664.27734375,166595400.0,,,,
2022-05-27,3751.522216796875,3716.624335710392,186513500.0,,,,
2022-05-30,3707.899658203125,3786.419886259191,107614100.0,,,,
2022-05-31,3760.24658203125,3725.3487019195913,469620300.0,,,,
2022-06-02,3742.7978515625,3830.042556727127,164481100.0,,,,
2022-06-03,3760.24658203125,3760.24658203125,108852800.0,,,,
2022-06-06,3786.419921875,3760.2465122767853,79319400.0,,,,
2022-06-07,3707.899658203125,3786.419886259191,142504000.0,,,,
2022-06-08,3707.86865234375,3753.0865627381863,202555900.0,,,,
2022-06-09,3662.650634765625,3689.7813802083333,148580200.0,,,,
2022-06-10,3635.52001953125,3653.607183807525,189186700.0,,,,
2022-06-13,3689.781494140625,3572.21492692536,156054900.0,,,,
2022-06-14,3716.912109375,3662.65061872719,117325600.0,,,,
2022-06-15,3671.6943359375,3671.6943359375,94848800.0,,,,
2022-06-16,3653.607177734375,3725.955834719214,96042200.0,,,,
2022-06-17,3725.95556640625,3626.476170215792,169375800.0,,,,
2022-06-20,3653.607177734375,3662.65075985748,82101200.0,,,,
2022-06-21,3716.912109375,3671.694200501825,77489000.0,,,,
2022-06-22,3662.650634765625,3698.8249620225697,60907800.0,,,,
2022-06-23,3762.130126953125,3644.56356048584,101065400.0,,,,
2022-06-24,3753.086669921875,3825.435328619164,81050700.0,,,,
2022-06-27,3680.73779296875,3716.912120172374,71574300.0,,,,
2022-06-28,3644.5634765625,3626.476312907103,128618800.0,,,,
2022-06-29,3653.607177734375,3617.4328492419554,72888100.0,,,,
2022-06-30,3617.432861328125,3716.9122650146483,116718900.0,,,,
2022-07-01,3635.52001953125,3626.4764373931125,39572500.0,,,,
2022-07-04,3608.38916015625,3635.5199057213345,115885200.0,,,,
2022-07-05,3608.38916015625,3626.4763238663063,72329600.0,,,,
2022-07-06,3635.52001953125,3662.6507659456624,62679000.0,,,,
2022-07-07,3653.607177734375,3653.607177734375,42393800.0,,,,
2022-07-08,3626.4765625,3662.650892300499,64049000.0,,,,
2022-07-11,3653.607177734375,3707.8686704730044,42258000.0,,,,
2022-07-12,3626.4765625,3671.6944747506236,43399800.0,,,,
2022-07-13,3563.17138671875,3626.4764621173063,96218200.0,,,,
2022-07-14,3635.52001953125,3563.1713624261506,68708500.0,,,,
2022-07-15,3753.086669921875,3653.6072642131026,146093800.0,,,,
2022-07-18,3789.260986328125,3716.912327877946,84009400.0,,,,
2022-07-19,3762.130126953125,3789.2608730609604,91367900.0,,,,
2022-07-20,3807.347900390625,3744.0428284126338,82344000.0,,,,
2022-07-21,3852.56591796875,3807.348008133436,107234600.0,,,,
2022-07-22,3825.43505859375,3834.4786402925533,59792300.0,,,,
2022-07-25,3834.478759765625,3834.478759765625,37218000.0,,,,
2022-07-26,3843.522216796875,3834.4786351102944,49786900.0,,,,
2022-07-27,3888.740234375,3825.4351607921512,60672300.0,,,,
2022-07-28,3834.478759765625,3897.78383362968,110767300.0,,,,
2022-07-29,3825.43505859375,3870.652967087766,108823600.0,,,,
2022-08-01,3888.740234375,3825.4351607921512,104724300.0,,,,
2022-08-02,4024.393798828125,3933.957983124122,112228800.0,,,,
2022-08-03,4069.61181640625,4024.3939073350693,251825000.0,,,,
2022-08-04,4114.830078125,4024.394252232143,186881500.0,,,,
2022-08-05,4205.265625,4151.004133064516,268967200.0,,,,
2022-08-08,4250.48388671875,4250.48388671875,191023500.0,,,,
2022-08-09,4196.22216796875,4250.48366152007,164453900.0,,,,
2022-08-10,4123.873046875,4096.742303145559,162061400.0,,,,
2022-08-11,4132.9169921875,4114.829828107905,123629000.0,,,,
2022-08-12,4114.830078125,4132.917243303572,124552500.0,,,,
2022-08-15,4024.393798828125,4105.786032961728,136882800.0,,,,
2022-08-16,3988.2197265625,4096.742712319303,127710800.0,,,,
2022-08-18,4114.830078125,3943.0020089285717,182044300.0,,,,
2022-08-19,4160.04736328125,4123.873038383152,177623900.0,,,,
2022-08-22,4205.265625,4114.829805107527,202320400.0,,,,
2022-08-23,4214.3095703125,4232.396735850321,229431400.0,,,,
2022-08-24,4295.701171875,4214.3089391447365,189007900.0,,,,
2022-08-25,4132.9169921875,4232.396394625273,179495700.0,,,,
2022-08-26,4060.568115234375,4078.655278331187,184317100.0,,,,
2022-08-29,4087.69921875,3952.0454836144913,101529800.0,,,,
2022-08-30,4051.52490234375,4141.96072605678,118884300.0,,,,
2022-08-31,4123.873046875,3997.2629094709428,175300400.0,,,,
2022-09-01,4141.96044921875,4123.873285685044,120871700.0,,,,
2022-09-02,4160.04736328125,4105.785875934103,106985000.0,,,,
2022-09-05,4178.134765625,4123.873275162337,77323800.0,,,,
2022-09-06,4078.655517578125,4169.091338366997,61970100.0,,,,
2022-09-07,4060.568115234375,4069.611696782781,106145700.0,,,,
2022-09-08,4123.873046875,4069.6115594161183,123389200.0,,,,
2022-09-09,4160.04736328125,4114.8294571586275,50307800.0,,,,
2022-09-12,4105.7861328125,4160.047623554516,74820600.0,,,,
2022-09-13,4087.69921875,4105.7863834347345,91510200.0,,,,
2022-09-14,4051.52490234375,4060.5684847150533,97919200.0,,,,
2022-09-15,4069.61181640625,4105.786143663195,125599900.0,,,,
2022-09-16,3988.2197265625,4069.6119658801017,210277300.0,,,,
2022-09-19,4069.61181640625,4033.4374891493057,116164500.0,,,,
2022-09-20,4051.52490234375,4096.7428142002655,100743700.0,,,,
2022-09-21,4006.306884765625,4024.394049030933,91363200.0,,,,
2022-09-22,4006.306884765625,3979.176138367664,89922900.0,,,,
2022-09-23,3961.088623046875,3979.1757857091893,95911400.0,,,,
2022-09-26,4033.4375,3970.132427130045,132185400.0,,,,
2022-09-27,4015.3505859375,4024.39416833826,123113800.0,,,,
2022-09-28,4042.481201171875,4006.3068727497553,104385500.0,,,,
2022-09-29,4015.3505859375,4033.4377507390204,90290400.0,,,,
2022-09-30,4033.4375,3979.17600896861,111482000.0,,,,
2022-10-03,4033.4375,4033.4375,77569100.0,,,,
2022-10-04,4015.3505859375,4033.4377507390204,87832800.0,,,,
2022-10-05,4033.4375,4060.5682455156953,61888400.0,,,,
2022-10-06,4006.306884765625,4033.4376311635865,60464300.0,,,,
2022-10-07,3933.9580078125,3979.175915948276,102570000.0,,,,
2022-10-10,3997.26318359375,3924.9145286870757,72389100.0,,,,
2022-10-11,3897.783935546875,3943.0018466321053,108794500.0,,,,
2022-10-12,3924.91455078125,3888.74022312428,107938600.0,,,,
2022-10-13,3888.740234375,3915.8709801962214,70034500.0,,,,
2022-10-14,3879.69677734375,3943.0018529647436,68096300.0,,,,
2022-10-17,3915.87109375,3798.304525115473,90321700.0,,,,
2022-10-18,3843.522216796875,3897.7837069163606,72516000.0,,,,
2022-10-19,3798.304443359375,3816.391607375372,65848300.0,,,,
2022-10-20,3933.9580078125,3798.3042834051726,165391500.0,,,,
2022-10-21,3943.001708984375,3888.740217576333,79825700.0,,,,
2022-10-24,3988.2197265625,3961.0889801232993,76777200.0,,,,
2022-10-25,3970.13232421875,4006.3066506353216,109154300.0,,,,
2022-10-26,3952.04541015625,3997.2633210276026,97320500.0,,,,
2022-10-27,3952.04541015625,3970.132574504791,80270300.0,,,,
2022-10-28,4024.393798828125,3997.263054116924,91101500.0,,,,
2022-10-31,3970.13232421875,4033.4373954477505,162753500.0,,,,
2022-11-01,3997.26318359375,3997.26318359375,108592900.0,,,,
2022-11-02,3816.3916015625,3979.176077458531,217855200.0,,,,
2022-11-03,3734.999267578125,3744.0428493398153,231475000.0,,,,
2022-11-04,3807.347900390625,3680.7377564346425,201183100.0,,,,
2022-11-07,3870.6533203125,3843.522572740216,129868800.0,,,,
2022-11-08,3816.3916015625,3861.6095115336198,110546800.0,,,,
2022-11-09,3789.260986328125,3798.3045686343976,145833200.0,,,,
2022-11-10,3771.173828125,3716.912334195144,81249200.0,,,,
2022-11-11,3753.086669921875,3762.1302522590363,227799300.0,,,,
2022-11-14,3662.650634765625,3698.8249620225697,188771200.0,,,,
2022-11-15,3662.650634765625,3662.650634765625,88570400.0,,,,
2022-11-16,3662.650634765625,3617.4327256944443,149512300.0,,,,
2022-11-17,3653.607177734375,3635.520013488165,68616700.0,,,,
2022-11-18,3626.4765625,3680.7380572007482,115907900.0,,,,
2022-11-21,3644.5634765625,3635.5198947348017,45277400.0,,,,
2022-11-22,3617.432861328125,3635.5200256347653,83888300.0,,,,
2022-11-23,3590.302001953125,3608.389165690924,95750400.0,,,,
2022-11-24,3644.5634765625,3599.3455674240076,50741600.0,,,,
2022-11-25,3644.5634765625,3626.476312907103,73305800.0,,,,
2022-11-28,3599.345458984375,3644.5633667605607,94063100.0,,,,
2022-11-29,3599.345458984375,3599.345458984375,94389800.0,,,,
2022-11-30,3653.607177734375,3590.3021028726407,585687400.0,,,,
2022-12-01,3581.25830078125,3635.5197901870265,230066600.0,,,,
2022-12-02,3617.432861328125,3572.2149505615234,113336600.0,,,,
2022-12-05,3472.7353515625,3599.3454945882163,148751200.0,,,,
2022-12-06,3255.689697265625,3291.864027235243,416468700.0,,,,
2022-12-07,3328.0380859375,3255.6894318953805,278572200.0,,,,
2022-12-08,3382.2998046875,3346.125475225602,245646400.0,,,,
2022-12-09,3300.907470703125,3328.0382170376715,164606100.0,,,,
2022-12-12,3346.125244140625,3318.994498917863,170545000.0,,,,
2022-12-13,3391.34326171875,3337.0817695312503,231127000.0,,,,
2022-12-14,3391.34326171875,3454.6483359375,107175700.0,,,,
2022-12-15,3318.99462890625,3328.0382110013625,143233600.0,,,,
2022-12-16,3328.0380859375,3264.7330136506453,310944500.0,,,,
2022-12-19,3364.212646484375,3382.29981125042,119137700.0,,,,
2022-12-20,3364.212646484375,3373.2562288673976,55351300.0,,,,
2022-12-21,3427.517578125,3337.0817581217016,98741000.0,,,,
2022-12-22,3391.34326171875,3436.561171875,68702100.0,,,,
2022-12-23,3418.473876953125,3355.1688051576966,45179400.0,,,,
2022-12-26,3391.34326171875,3418.4740078125,19216700.0,,,,
2022-12-27,3445.604736328125,3409.4304083876723,49816500.0,,,,
2022-12-28,3373.256103515625,3436.5611778443363,65006300.0,,,,
2022-12-29,3418.473876953125,3364.212386842758,51703500.0,,,,
2022-12-30,3391.34326171875,3400.38684375,79677300.0,,,,
2022-12-31,,,,,129224000000000.0,27331000000000.0,274817000000000.0
2023-01-02,3436.56103515625,3391.3431267989313,7959900.0,,,,
2023-01-03,3490.82275390625,3427.517678058209,64235000.0,,,,
2023-01-04,3454.648193359375,3472.7353566753927,56785600.0,,,,
2023-01-05,3409.430419921875,3436.561165968999,135167000.0,,,,
2023-01-06,3355.168701171875,3391.343026790979,65207400.0,,,,
2023-01-09,3427.517578125,3373.256086123021,46616400.0,,,,
2023-01-10,3463.69189453125,3445.6047305911393,80009900.0,,,,
2023-01-11,3499.8662109375,3454.648301235465,75139300.0,,,,
2023-01-12,3490.82275390625,3427.517678058209,105775500.0,,,,
2023-01-13,3418.473876953125,3454.64820369337,85780600.0,,,,
2023-01-16,3481.779052734375,3418.4739790482954,58918700.0,,,,
2023-01-17,3572.21484375,3499.866188686709,132256600.0,,,,
2023-01-18,3554.127685546875,3626.476340723402,94772000.0,,,,
2023-01-19,3517.953369140625,3526.996951066436,109555200.0,,,,
2023-01-20,3499.8662109375,3536.0405386991283,88457800.0,,,,
2023-01-24,3481.779052734375,3517.953380554992,45504900.0,,,,
2023-01-25,3472.7353515625,3481.7789332071943,80575100.0,,,,
2023-01-26,3590.302001953125,3481.7790195263306,117238000.0,,,,
2023-01-27,3581.25830078125,3590.3018823488796,100769500.0,,,,
2023-01-30,3581.25830078125,3581.25830078125,59425300.0,,,,
2023-01-31,3481.779052734375,3563.171290330763,179726700.0,,,,
2023-02-01,3499.8662109375,3481.779047056686,70997300.0,,,,
2023-02-02,3517.953369140625,3481.7790414373794,78852300.0,,,,
2023-02-03,3508.909912109375,3536.040658852489,55154800.0,,,,
2023-02-06,3508.909912109375,3490.822747613966,58861300.0,,,,
2023-02-07,3436.56103515625,3508.9096885279605,76254900.0,,,,
2023-02-08,3472.7353515625,3436.561024983724,65856500.0,,,,
2023-02-09,3409.430419921875,3472.7354940318305,91337300.0,,,,
2023-02-10,3436.56103515625,3391.3431267989313,88759600.0,,,,
2023-02-13,3427.517578125,3436.56116012533,69004400.0,,,,
2023-02-14,3436.56103515625,3463.691780170642,80331100.0,,,,
2023-02-15,3427.517578125,3445.6047421256594,59028200.0,,,,
2023-02-16,3409.430419921875,3436.561165968999,49869900.0,,,,
2023-02-17,3400.386962890625,3409.4305452387384,50369000.0,,,,
2023-02-20,3454.648193359375,3400.386703411322,57438900.0,,,,
2023-02-21,3472.7353515625,3481.7789332071943,63880300.0,,,,
2023-02-22,3490.82275390625,3481.7791716422444,48505600.0,,,,
2023-02-23,3590.302001953125,3572.214838215326,109147100.0,,,,
2023-02-24,3653.607177734375,3617.4328492419554,142165700.0,,,,
2023-02-27,3581.25830078125,3608.3890454841385,66461600.0,,,,
2023-02-28,3508.909912109375,3554.127823347898,115766900.0,,,,
2023-03-01,3554.127685546875,3554.127685546875,47395200.0,,,,
2023-03-02,3508.909912109375,3526.997076604784,43208800.0,,,,
2023-03-03,3526.9970703125,3508.909905849359,49796000.0,,,,
2023-03-06,3508.909912109375,3563.171405595602,50103800.0,,,,
2023-03-07,3508.909912109375,3517.9534943570793,59086800.0,,,,
2023-03-08,3563.17138671875,3481.779146920606,78551000.0,,,,
2023-03-09,3590.302001953125,3590.302001953125,68725500.0,,,,
2023-03-10,3626.4765625,3581.258650249377,76136200.0,,,,
2023-03-13,3680.73779296875,3635.51988396422,104663300.0,,,,
2023-03-14,3635.52001953125,3644.5636016693875,111430100.0,,,,
2023-03-15,3626.4765625,3662.650892300499,65025400.0,,,,
2023-03-16,3662.650634765625,3653.607052951389,96707900.0,,,,
2023-03-17,3662.650634765625,3698.8249620225697,232270900.0,,,,
2023-03-20,3608.38916015625,3662.6506512864194,105982700.0,,,,
2023-03-21,3725.95556640625,3617.4325887439322,88808200.0,,,,
2023-03-24,3680.73779296875,3707.8685383714683,96214700.0,,,,
2023-03-27,3662.650634765625,3707.8685438368057,71556400.0,,,,
2023-03-28,3662.650634765625,3707.8685438368057,87955300.0,,,,
2023-03-29,3707.86865234375,3698.825070264863,113504700.0,,,,
2023-03-30,3698.824951171875,3662.65062402105,87690800.0,,,,
2023-03-31,3671.6943359375,3716.9122464786024,93699000.0,,,,
2023-04-03,3689.781494140625,3707.868658327589,56896200.0,,,,
2023-04-04,3671.6943359375,3689.781500153941,82969200.0,,,,
2023-04-05,3753.086669921875,3707.8687582360694,70419100.0,,,,
2023-04-06,3843.522216796875,3798.304308363971,125329700.0,,,,
2023-04-10,3888.740234375,3843.522324672965,85757900.0,,,,
2023-04-11,3888.740234375,3879.696652434593,84322900.0,,,,
2023-04-12,3897.783935546875,3906.827517763921,178923700.0,,,,
2023-04-13,3924.91455078125,3924.91455078125,119431600.0,,,,
2023-04-14,3924.91455078125,3924.91455078125,117305500.0,,,,
2023-04-17,3861.609375,3924.9144467213114,59688000.0,,,,
2023-04-18,3861.609375,3834.4786299765806,65644600.0,,,,
2023-04-26,3979.176025390625,4051.524680397727,198984100.0,,,,
2023-04-27,3906.827392578125,4024.3939576325592,58407000.0,,,,
2023-04-28,3843.522216796875,3861.6093801700367,112116900.0,,,,
2023-05-02,3789.260986328125,3807.34815094067,117097400.0,,,,
2023-05-03,3753.086669921875,3798.3045816076806,158597800.0,,,,
2023-05-04,3753.086669921875,3771.173834596197,98421300.0,,,,
2023-05-05,3771.173828125,3762.1302458033574,113408100.0,,,,
2023-05-08,3671.6943359375,3771.173739127925,121002600.0,,,,
2023-05-09,3680.73779296875,3662.650629366938,105907900.0,,,,
2023-05-10,3734.999267578125,3662.650613484602,84306600.0,,,,
2023-05-11,3698.824951171875,3707.8685329595814,74171300.0,,,,
2023-05-12,3599.345458984375,3662.650529871035,236777600.0,,,,
2023-05-15,3599.345458984375,3608.3890405396123,113329300.0,,,,
2023-05-16,3599.345458984375,3635.519785205324,68777200.0,,,,
2023-05-17,3608.38916015625,3599.345578301222,83183300.0,,,,
2023-05-19,3635.52001953125,3608.389273116838,95986000.0,,,,
2023-05-22,3653.607177734375,3617.4328492419554,115578100.0,,,,
2023-05-23,3653.607177734375,3644.56359561127,132751000.0,,,,
2023-05-24,3762.130126953125,3635.519978449895,194127500.0,,,,
2023-05-25,3725.95556640625,3789.260636709269,122121000.0,,,,
2023-05-26,3734.999267578125,3744.0428493398153,62211800.0,,,,
2023-05-29,3798.304443359375,3725.955787295387,77540300.0,,,,
2023-05-30,3725.95556640625,3744.0427293499697,78924700.0,,,,
2023-05-31,3653.607177734375,3725.955834719214,1155861400.0,,,,
2023-06-05,3689.781494140625,3671.6943299536615,189129300.0,,,,
2023-06-06,3698.824951171875,3698.824951171875,95792700.0,,,,
2023-06-07,3753.086669921875,3707.8687582360694,127707400.0,,,,
2023-06-08,3771.173828125,3762.1302458033574,78989700.0,,,,
2023-06-09,3753.086669921875,3771.173834596197,83014700.0,,,,
2023-06-12,3816.792724609375,3807.368545042438,94687300.0,,,,
2023-06-13,3797.9443359375,3807.3685154311415,69609000.0,,,,
2023-06-14,3769.671875,3788.5202343749997,110730800.0,,,,
2023-06-15,3788.520263671875,3760.247724390742,85391800.0,,,,
2023-06-16,3741.3994140625,3788.520313483942,160978900.0,,,,
2023-06-19,3731.97509765625,3731.97509765625,54934100.0,,,,
2023-06-20,3760.247802734375,3750.8236227776474,55155600.0,,,,
2023-06-21,3750.823486328125,3741.3993067142355,60191300.0,,,,
2023-06-22,3713.126953125,3750.8236734612947,56150900.0,,,,
2023-06-23,3722.551025390625,3713.1268455795093,41812400.0,,,,
2023-06-26,3760.247802734375,3713.126902950736,36011500.0,,,,
2023-06-27,3769.671875,3797.9444140624996,64879900.0,,,,
2023-07-03,3769.671875,3797.9444140624996,75193200.0,,,,
2023-07-04,3741.3994140625,3769.671953715365,33974300.0,,,,
2023-07-05,3750.823486328125,3741.3993067142355,43303000.0,,,,
2023-07-06,3731.97509765625,3741.399277195786,68088900.0,,,,
2023-07-07,3731.97509765625,3731.97509765625,50474800.0,,,,
2023-07-10,3722.551025390625,3731.9752052017407,65643300.0,,,,
2023-07-11,3750.823486328125,3722.5509474864557,89768500.0,,,,
2023-07-12,3750.823486328125,3750.823486328125,73770400.0,,,,
2023-07-13,3694.278564453125,3731.975284498565,83009900.0,,,,
2023-07-14,3703.70263671875,3731.9751759303435,64886900.0,,,,
2023-07-17,3684.854248046875,3722.550966696971,81399700.0,,,,
2023-07-18,3628.309326171875,3703.702766715706,135860500.0,,,,
2023-07-20,3628.309326171875,3600.036785967938,88907600.0,,,,
2023-07-21,3637.7333984375,3618.885038860104,53955100.0,,,,
2023-07-24,3675.43017578125,3656.581815905449,80710100.0,,,,
2023-07-25,3656.581787109375,3694.2785065641106,66434400.0,,,,
2023-07-26,3656.581787109375,3666.005966973059,86732900.0,,,,
2023-07-27,3505.794921875,3618.885080645161,235026400.0,,,,
2023-07-28,3505.794921875,3496.3707419774864,181626700.0,,,,
2023-07-31,3505.794921875,3486.946562079973,153583300.0,,,,
2023-08-01,3534.0673828125,3486.9464843749997,97680500.0,,,,
2023-08-02,3477.5224609375,3524.643361492209,121333500.0,,,,
2023-08-03,3505.794921875,3458.6740223874326,82013300.0,,,,
2023-08-04,3477.5224609375,3505.7950012703254,67746800.0,,,,
2023-08-07,3468.09814453125,3486.9465040123982,94909700.0,,,,
2023-08-08,3515.218994140625,3468.0980960958445,116329400.0,,,,
2023-08-09,3552.915771484375,3534.067411953954,129416100.0,,,,
2023-08-10,3581.188232421875,3581.188232421875,140158900.0,,,,
2023-08-11,3590.612548828125,3609.4609086644928,109714400.0,,,,
2023-08-14,3609.4609375,3590.6125775130545,86871800.0,,,,
2023-08-15,3600.03662109375,3581.1882618210075,80015200.0,,,,
2023-08-16,3609.4609375,3571.7642175261094,81507800.0,,,,
2023-08-18,3543.49169921875,3571.7642393720907,108780100.0,,,,
2023-08-21,3524.643310546875,3543.4916704963234,64449000.0,,,,
2023-08-22,3534.0673828125,3524.6432031249997,98059600.0,,,,
2023-08-23,3524.643310546875,3534.067490521599,84842500.0,,,,
2023-08-24,3505.794921875,3515.219101772513,82789700.0,,,,
2023-08-25,3505.794921875,3486.946562079973,42049200.0,,,,
2023-08-28,3486.946533203125,3515.2190726615286,37727500.0,,,,
2023-08-29,3505.794921875,3486.946562079973,53453600.0,,,,
2023-08-30,3590.612548828125,3515.2191094826526,130027200.0,,,,
2023-08-31,3515.218994140625,3590.6124310122736,227635800.0,,,,
2023-09-01,3505.794921875,3496.3707419774864,82253200.0,,,,
2023-09-04,3515.218994140625,3505.794814531669,55881900.0,,,,
2023-09-05,3524.643310546875,3515.219130572151,62933300.0,,,,
2023-09-06,3571.76416015625,3534.0674407878464,98673400.0,,,,
2023-09-07,3543.49169921875,3562.340059320977,63054500.0,,,,
2023-09-08,3477.5224609375,3552.915901825034,143090100.0,,,,
2023-09-11,3486.946533203125,3496.3707130225926,76577500.0,,,,
2023-09-12,3496.37060546875,3486.946425939185,72170600.0,,,,
2023-09-13,3496.37060546875,3505.7947849983157,82635900.0,,,,
2023-09-14,3468.09814453125,3496.370683752972,55532900.0,,,,
2023-09-15,3505.794921875,3468.098202284946,147757300.0,,,,
2023-09-18,3468.09814453125,3486.9465040123982,40645900.0,,,,
2023-09-19,3515.218994140625,3477.5222757048004,38375000.0,,,,
2023-09-20,3590.612548828125,3524.6432894008362,171751900.0,,,,
2023-09-21,3590.612548828125,3590.612548828125,94880700.0,,,,
2023-09-22,3637.7333984375,3609.4608590714056,101185700.0,,,,
2023-09-25,3552.915771484375,3590.6124905452175,125817700.0,,,,
2023-09-26,3543.49169921875,3552.9158792698636,74734500.0,,,,
2023-09-27,3505.794921875,3534.0674615675402,83337700.0,,,,
2023-09-29,3534.0673828125,3515.2190234375,66219300.0,,,,
2023-09-30,,,,,,,
2023-10-02,3534.0673828125,3534.0673828125,71945000.0,,,,
2023-10-03,3552.915771484375,3534.067411953954,61155100.0,,,,
2023-10-04,3562.33984375,3581.1882027116403,77527700.0,,,,
2023-10-05,3505.794921875,3571.764181157594,81258900.0,,,,
2023-10-06,3562.33984375,3562.33984375,60156100.0,,,,
2023-10-09,3543.49169921875,3552.9158792698636,37711400.0,,,,
2023-10-10,3590.612548828125,3562.3400090735727,51167900.0,,,,
2023-10-11,3562.33984375,3562.33984375,83154300.0,,,,
2023-10-12,3609.4609375,3600.0367575065275,101645100.0,,,,
2023-10-13,3628.309326171875,3600.036785967938,48856500.0,,,,
2023-10-16,3543.49169921875,3628.309319678773,117472800.0,,,,
2023-10-17,3571.76416015625,3562.339980314149,57046900.0,,,,
2023-10-18,3534.0673828125,3552.9157421874997,64910600.0,,,,
2023-10-19,3515.218994140625,3515.218994140625,62296900.0,,,,
2023-10-20,3486.946533203125,3505.7948928420606,38978200.0,,,,
2023-10-23,3402.12890625,3496.3707042070637,69428400.0,,,,
2023-10-24,3439.82568359375,3430.4015036386986,67041700.0,,,,
2023-10-25,3392.704833984375,3439.82573445638,89567900.0,,,,
2023-10-26,3279.614501953125,3392.7046571928877,141139700.0,,,,
2023-10-27,3298.462890625,3279.61453125,99607000.0,,,,
2023-10-30,3223.069580078125,3298.463020547789,82945500.0,,,,
2023-10-31,3289.038818359375,3204.2211984016835,66801600.0,,,,
2023-11-01,3411.552978515625,3392.704619518301,154441100.0,,,,
2023-11-02,3411.552978515625,3477.5222350062586,69582500.0,,,,
2023-11-03,3364.43212890625,3383.280488171831,85146800.0,,,,
2023-11-06,3439.82568359375,3402.1289637735445,66902400.0,,,,
2023-11-07,3364.43212890625,3392.7046678046217,103642200.0,,,,
2023-11-08,3317.311279296875,3317.311279296875,103415400.0,,,,
2023-11-09,3326.7353515625,3298.462813163952,96594900.0,,,,
2023-11-10,3345.583740234375,3317.3112015845068,48619500.0,,,,
2023-11-13,3317.311279296875,3364.4321781505237,37975400.0,,,,
2023-11-14,3298.462890625,3298.462890625,45987000.0,,,,
2023-11-15,3345.583740234375,3317.3112015845068,114104500.0,,,,
2023-11-16,3336.15966796875,3345.5838478217693,41789400.0,,,,
2023-11-17,3345.583740234375,3326.735381134463,55585600.0,,,,
2023-11-20,3383.280517578125,3355.007978434018,39932700.0,,,,
2023-11-21,3411.552978515625,3383.280440019639,68255800.0,,,,
2023-11-22,3402.12890625,3402.12890625,34555300.0,,,,
2023-11-23,3392.704833984375,3402.129014078776,57385100.0,,,,
2023-11-24,3411.552978515625,3392.704619518301,34583700.0,,,,
2023-11-27,3468.09814453125,3430.401425568954,73888700.0,,,,
2023-11-28,3552.915771484375,3468.09815359748,106829100.0,,,,
2023-11-29,3505.794921875,3534.0674615675402,56467400.0,,,,
2023-11-30,3543.49169921875,3534.067519167636,258522400.0,,,,
2023-12-01,3609.4609375,3571.7642175261094,81037200.0,,,,
2023-12-04,3590.612548828125,3618.885088582677,118483900.0,,,,
2023-12-05,3628.309326171875,3609.460966035917,74608900.0,,,,
2023-12-06,3694.278564453125,3675.430204430405,149345100.0,,,,
2023-12-07,3684.854248046875,3722.550966696971,91076200.0,,,,
2023-12-08,3713.126953125,3713.126953125,61476300.0,,,,
2023-12-11,3750.823486328125,3647.1575105753377,99365500.0,,,,
2023-12-12,3684.854248046875,3713.126787034447,58707700.0,,,,
2023-12-13,3694.278564453125,3647.157664396325,54386800.0,,,,
2023-12-14,3713.126953125,3656.5818726205584,70705300.0,,,,
2023-12-15,3750.823486328125,3713.1267678725662,109064200.0,,,,
2023-12-18,3741.3994140625,3713.1268744096346,60940400.0,,,,
2023-12-19,3741.3994140625,3722.5510542939232,32984500.0,,,,
2023-12-20,3731.97509765625,3731.97509765625,59574800.0,,,,
2023-12-21,3722.551025390625,3731.9752052017407,48242100.0,,,,
2023-12-22,3731.97509765625,3750.823456735322,28222700.0,,,,
2023-12-27,3713.126953125,3760.2478535453683,73157200.0,,,,
2023-12-28,3731.97509765625,3731.97509765625,34024400.0,,,,
2023-12-29,3722.551025390625,3731.9752052017407,27497600.0,,,,
2023-12-31,,,,,135576000000000.0,27773000000000.0,286592000000000.0
2024-01-02,3760.247802734375,3722.551082907464,23774100.0,,,,
2024-01-03,3731.97509765625,3760.247636274858,22018500.0,,,,
2024-01-04,3741.3994140625,3750.823593946788,33922400.0,,,,
2024-01-05,3666.005859375,3722.5509368974936,69268000.0,,,,
2024-01-08,3666.005859375,3666.005859375,61064100.0,,,,
2024-01-09,3731.97509765625,3703.702559037642,64015400.0,,,,
2024-01-10,3769.671875,3769.671875,99083600.0,,,,
2024-01-11,3760.247802734375,3807.368702518014,36333300.0,,,,
2024-01-12,3779.09619140625,3741.399471292472,53685600.0,,,,
2024-01-15,3769.671875,3807.36859375,38339500.0,,,,
2024-01-16,3779.09619140625,3788.5203714346944,44782300.0,,,,
2024-01-17,3760.247802734375,3769.671982691103,62728400.0,,,,
2024-01-18,3722.551025390625,3760.2477446350867,73029300.0,,,,
2024-01-19,3713.126953125,3722.5511332090737,67016100.0,,,,
2024-01-22,3750.823486328125,3750.823486328125,50643700.0,,,,
2024-01-23,3722.551025390625,3769.6719244462024,72595400.0,,,,
2024-01-24,3741.3994140625,3722.5510542939232,38732000.0,,,,
2024-01-25,3750.823486328125,3750.823486328125,58541300.0,,,,
2024-01-26,3750.823486328125,3713.1267678725662,65272600.0,,,,
2024-01-29,3779.09619140625,3769.672011377805,59150000.0,,,,
2024-01-30,3769.671875,3769.671875,66906900.0,,,,
2024-01-31,3731.97509765625,3769.671815814394,100403700.0,,,,
2024-02-01,3807.36865234375,3741.3993935160115,105414400.0,,,,
2024-02-02,3760.247802734375,3797.9445225612862,96180000.0,,,,
2024-02-05,3750.823486328125,3779.0960251697943,57789500.0,,,,
2024-02-06,3750.823486328125,3741.3993067142355,65167500.0,,,,
2024-02-07,3750.823486328125,3779.0960251697943,53084600.0,,,,
2024-02-12,3769.671875,3769.671875,85763200.0,,,,
2024-02-13,3750.823486328125,3779.0960251697943,52020300.0,,,,
2024-02-15,3797.9443359375,3807.3685154311415,129347900.0,,,,
2024-02-16,3920.458740234375,3816.7927639301006,244064200.0,,,,
2024-02-19,3920.458740234375,3892.1862012423003,82867500.0,,,,
2024-02-20,3967.57958984375,3958.1554102954274,267636700.0,,,,
2024-02-21,3939.30712890625,3948.7313086404756,152787100.0,,,,
2024-02-22,3854.489501953125,3892.1862207986323,93555100.0,,,,
2024-02-23,3863.913818359375,3835.641278225038,87665800.0,,,,
2024-02-26,3854.489501953125,3826.2169628189945,55761700.0,,,,
2024-02-27,3760.247802734375,3816.792882474742,119637000.0,,,,
2024-02-28,3760.247802734375,3750.8236227776474,77255300.0,,,,
2024-02-29,3769.671875,3788.5202343749997,157431900.0,,,,
2024-03-01,3694.278564453125,3722.551104487205,139582000.0,,,,
2024-03-04,3713.126953125,3731.9753132931473,81580800.0,,,,
2024-03-05,3647.157470703125,3656.581650213986,100671500.0,,,,
2024-03-06,3675.43017578125,3647.157635967548,83251500.0,,,,
2024-03-07,3675.43017578125,3675.43017578125,86888100.0,,,,
2024-03-08,3637.7333984375,3675.430117592293,101556500.0,,,,
2024-03-13,3675.43017578125,3684.8543557191506,106191400.0,,,,
2024-03-14,3731.97509765625,3703.702559037642,122570700.0,,,,
2024-03-15,3741.3994140625,3769.671953715365,184885900.0,,,,
2024-03-18,3694.278564453125,3731.975284498565,57508300.0,,,,
2024-03-19,3713.126953125,3750.8236734612947,51629700.0,,,,
2024-03-20,3703.70263671875,3684.8542772443543,84777400.0,,,,
2024-03-21,3666.005859375,3703.702577723329,81520900.0,,,,
2024-03-22,3675.43017578125,3675.43017578125,44501700.0,,,,
2024-03-25,3515.218994140625,3666.0058678839227,313394400.0,,,,
2024-03-26,3411.552978515625,3468.0980555075967,354086400.0,,,,
2024-03-27,3289.038818359375,3402.128978302964,496202800.0,,,,
2024-03-28,3270.1904296875,3270.1904296875,258985200.0,,,,
2024-03-31,,,,6053000000000.0,,,
2024-04-01,3307.88720703125,3279.614666800214,248116300.0,,,,
2024-04-02,3289.038818359375,3260.7662783734777,233017700.0,,,,
2024-04-03,3223.069580078125,3251.342120254249,150265700.0,,,,
2024-04-04,3251.342041015625,3213.645321699502,205184000.0,,,,
2024-04-05,3232.49365234375,3241.9178320881924,116051700.0,,,,
2024-04-16,3034.5859375,3072.2826572204967,490658200.0,,,,
2024-04-17,3015.737548828125,3034.5859085083007,187876400.0,,,,
2024-04-18,3062.8583984375,3006.3133203125,337490100.0,,,,
2024-04-19,2968.61669921875,3044.0101391989087,149997000.0,,,,
2024-04-22,2987.465087890625,2968.6167277146587,140971800.0,,,,
2024-04-23,2921.495849609375,2996.889290889617,312052300.0,,,,
2024-04-24,2864.95068359375,2921.495762875206,327330800.0,,,,
2024-04-25,2864.95068359375,2836.6781439530223,369525200.0,,,,
2024-04-26,2855.5263671875,2808.4054700391916,442527900.0,,,,
2024-04-29,2902.6474609375,2855.5265605976056,172773600.0,,,,
2024-04-30,2987.465087890625,2940.34418745071,273121800.0,,,,
2024-05-02,2940.343994140625,2987.4648914826225,157637100.0,,,,
2024-05-03,2978.040771484375,2996.8891307975673,127945300.0,,,,
2024-05-06,2874.374755859375,2996.889089715676,221330900.0,,,,
2024-05-07,2912.071533203125,2893.223173764917,124914600.0,,,,
2024-05-08,2902.6474609375,2949.7683612773944,120622600.0,,,,
2024-05-13,2912.071533203125,2893.223173764917,133048300.0,,,,
2024-05-14,2940.343994140625,2921.495635203826,104126800.0,,,,
2024-05-15,2921.495849609375,2940.3442099294357,149143600.0,,,,
2024-05-16,3010.0,2960.0,196239200.0,,,,
2024-05-17,2990.0,3050.0,120345300.0,,,,
2024-05-20,2990.0,2950.0,215877500.0,,,,
2024-05-21,2950.0,2990.0,138864400.0,,,,
2024-05-22,2940.0,2980.0,145109200.0,,,,
2024-05-27,2810.0,2900.0,246979600.0,,,,
2024-05-28,2860.0,2810.0,113093300.0,,,,
2024-05-29,2810.0,2850.0,148952900.0,,,,
2024-05-30,2810.0,2810.0,253471800.0,,,,
2024-05-31,2900.0,2840.0,411324600.0,,,,
2024-06-03,2930.0,2930.0,124570400.0,,,,
2024-06-04,3000.0,2980.0,130203100.0,,,,
2024-06-05,3060.0,3000.0,141157300.0,,,,
2024-06-06,3050.0,3100.0,107996900.0,,,,
2024-06-07,3050.0,3050.0,67191100.0,,,,
2024-06-10,3010.0,3050.0,66983900.0,,,,
2024-06-11,2880.0,2960.0,172688100.0,,,,
2024-06-12,2920.0,2890.0,91584500.0,,,,
2024-06-13,2840.0,2940.0,95740000.0,,,,
2024-06-14,2720.0,2820.0,202750500.0,,,,
2024-06-19,2830.0,2780.0,128843500.0,,,,
2024-06-20,2840.0,2850.0,55434800.0,,,,
2024-06-21,2950.0,2850.0,184918000.0,,,,
2024-06-24,2950.0,2930.0,111618800.0,,,,
2024-06-25,2990.0,2950.0,89913400.0,,,,
2024-06-26,3000.0,2990.0,73994000.0,,,,
2024-06-27,3030.0,3030.0,70154600.0,,,,
2024-06-28,3130.0,3030.0,213539300.0,,,,
2024-06-30,,,,5708000000000.0,,,
2024-07-01,3090.0,3130.0,134082800.0,,,,
2024-07-02,3040.0,3070.0,79024200.0,,,,
2024-07-03,3030.0,3040.0,51977100.0,,,,
2024-07-04,2960.0,3000.0,93100500.0,,,,
2024-07-05,3020.0,2970.0,69339200.0,,,,
2024-07-08,3080.0,3040.0,125004600.0,,,,
2024-07-09,3080.0,3050.0,118245600.0,,,,
2024-07-10,3160.0,3090.0,120007400.0,,,,
2024-07-11,3180.0,3200.0,126490000.0,,,,
2024-07-12,3220.0,3230.0,135830300.0,,,,
2024-07-15,3160.0,3220.0,100918500.0,,,,
2024-07-16,3100.0,3180.0,78769700.0,,,,
2024-07-17,3250.0,3190.0,167149300.0,,,,
2024-07-18,3210.0,3260.0,98903500.0,,,,
2024-07-19,3140.0,3200.0,138117200.0,,,,
2024-07-22,3100.0,3180.0,139383000.0,,,,
2024-07-23,3160.0,3140.0,74338000.0,,,,
2024-07-24,3060.0,3140.0,98752100.0,,,,
2024-07-25,3090.0,3080.0,67060000.0,,,,
2024-07-26,3100.0,3110.0,94900300.0,,,,
2024-07-29,3050.0,3090.0,90885600.0,,,,
2024-07-30,2880.0,3000.0,321472800.0,,,,
2024-07-31,2880.0,2880.0,207440800.0,,,,
2024-08-01,2880.0,2890.0,121021800.0,,,,
2024-08-02,2850.0,2880.0,105816800.0,,,,
2024-08-05,2790.0,2820.0,105246400.0,,,,
2024-08-06,2790.0,2800.0,98524200.0,,,,
2024-08-07,2820.0,2800.0,77263000.0,,,,
2024-08-08,2850.0,2800.0,99533000.0,,,,
2024-08-09,2830.0,2860.0,80800300.0,,,,
2024-08-12,2870.0,2850.0,62746600.0,,,,
2024-08-13,2850.0,2900.0,82063600.0,,,,
2024-08-14,2860.0,2850.0,70188800.0,,,,
2024-08-15,2870.0,2870.0,79724100.0,,,,
2024-08-16,2960.0,2910.0,207060000.0,,,,
2024-08-19,2930.0,2960.0,68692700.0,,,,
2024-08-20,2980.0,2990.0,100434600.0,,,,
2024-08-21,2970.0,2980.0,111842200.0,,,,
2024-08-22,2920.0,2940.0,90336300.0,,,,
2024-08-23,2950.0,2970.0,86092500.0,,,,
2024-08-26,2980.0,2940.0,88941900.0,,,,
2024-08-27,2990.0,2990.0,71223800.0,,,,
2024-08-28,2980.0,3000.0,68736300.0,,,,
2024-08-29,3030.0,2980.0,160714800.0,,,,
2024-08-30,3060.0,3030.0,195809000.0,,,,
2024-09-02,3140.0,3090.0,118928500.0,,,,
2024-09-03,3080.0,3140.0,82172000.0,,,,
2024-09-04,3080.0,3060.0,81041700.0,,,,
2024-09-05,3020.0,3080.0,78989400.0,,,,
2024-09-06,3040.0,3010.0,82391200.0,,,,
2024-09-09,3030.0,3050.0,69264400.0,,,,
2024-09-10,3030.0,3060.0,46436100.0,,,,
2024-09-11,3040.0,3030.0,62899600.0,,,,
2024-09-12,3050.0,3060.0,85785000.0,,,,
2024-09-13,3110.0,3080.0,125032200.0,,,,
2024-09-17,3090.0,3120.0,56181000.0,,,,
2024-09-18,3120.0,3120.0,87120700.0,,,,
2024-09-19,3140.0,3140.0,130418300.0,,,,
2024-09-20,3150.0,3150.0,152477400.0,,,,
2024-09-23,3170.0,3150.0,82274400.0,,,,
2024-09-24,3160.0,3180.0,92256900.0,,,,
2024-09-25,3190.0,3100.0,215241700.0,,,,
2024-09-26,3170.0,3170.0,120042500.0,,,,
2024-09-27,3050.0,3130.0,291217300.0,,,,
2024-09-30,2990.0,3030.0,150844800.0,5914000000000.0,,,
2024-10-01,3020.0,2990.0,77208500.0,,,,
2024-10-02,2920.0,2950.0,124629400.0,,,,
2024-10-03,2890.0,2950.0,92510900.0,,,,
2024-10-04,2880.0,2900.0,76757200.0,,,,
2024-10-07,2900.0,2910.0,84507100.0,,,,
2024-10-08,2990.0,2890.0,135357200.0,,,,
2024-10-09,2960.0,2980.0,69435900.0,,,,
2024-10-10,2950.0,2960.0,57867000.0,,,,
2024-10-11,2940.0,3000.0,40454300.0,,,,
2024-10-14,2900.0,2930.0,66631500.0,,,,
2024-10-15,2940.0,2920.0,74529600.0,,,,
2024-10-16,3000.0,2970.0,163988000.0,,,,
2024-10-17,3040.0,3000.0,107040100.0,,,,
2024-10-18,3100.0,3050.0,138783600.0,,,,
2024-10-21,3100.0,3100.0,92240300.0,,,,
2024-10-22,3010.0,3060.0,93662500.0,,,,
2024-10-23,2940.0,2940.0,99423700.0,,,,
2024-10-24,2900.0,2940.0,72559000.0,,,,
2024-10-25,2910.0,2900.0,50694200.0,,,,
2024-10-28,2920.0,2920.0,38720700.0,,,,
2024-10-29,2900.0,2910.0,67727500.0,,,,
2024-10-30,2900.0,2880.0,123573100.0,,,,
2024-10-31,2820.0,2860.0,139590300.0,,,,
2024-11-01,2780.0,2820.0,99364500.0,,,,
2024-11-04,2800.0,2780.0,63112300.0,,,,
2024-11-05,2770.0,2800.0,96721100.0,,,,
2024-11-06,2740.0,2780.0,66808900.0,,,,
2024-11-07,2760.0,2760.0,79485800.0,,,,
2024-11-08,2750.0,2760.0,66113200.0,,,,
2024-11-11,2690.0,2720.0,108153500.0,,,,
2024-11-12,2600.0,2660.0,215910600.0,,,,
2024-11-13,2580.0,2610.0,142812600.0,,,,
2024-11-14,2530.0,2550.0,185269500.0,,,,
2024-11-15,2540.0,2500.0,103680400.0,,,,
2024-11-18,2590.0,2540.0,119481300.0,,,,
2024-11-19,2780.0,2610.0,275670300.0,,,,
2024-11-20,2680.0,2740.0,150242900.0,,,,
2024-11-21,2770.0,2680.0,128294600.0,,,,
2024-11-22,2750.0,2750.0,135265300.0,,,,
2024-11-25,2740.0,2740.0,358617100.0,,,,
2024-11-26,2710.0,2770.0,106721000.0,,,,
2024-11-28,2720.0,2680.0,102808400.0,,,,
2024-11-29,2710.0,2700.0,103162000.0,,,,
2024-12-02,2680.0,2720.0,66025900.0,,,,
2024-12-03,2820.0,2760.0,167603900.0,,,,
2024-12-04,2840.0,2820.0,83412800.0,,,,
2024-12-05,2770.0,2840.0,96025400.0,,,,
2024-12-06,2760.0,2740.0,48179800.0,,,,
2024-12-09,2740.0,2760.0,63671900.0,,,,
2024-12-10,2770.0,2770.0,124138200.0,,,,
2024-12-11,2860.0,2770.0,140611400.0,,,,
2024-12-12,2820.0,2830.0,66977700.0,,,,
2024-12-13,2790.0,2770.0,77540100.0,,,,
2024-12-16,2660.0,2760.0,147655600.0,,,,
2024-12-17,2620.0,2630.0,113785500.0,,,,
2024-12-18,2570.0,2620.0,79565300.0,,,,
2024-12-19,2530.0,2510.0,123504200.0,,,,
2024-12-20,2550.0,2530.0,110308800.0,,,,
2024-12-23,2650.0,2580.0,72113700.0,,,,
2024-12-24,2740.0,2680.0,117582400.0,,,,
2024-12-27,2750.0,2770.0,92727600.0,,,,
2024-12-30,2710.0,2720.0,74279200.0,,,,
2024-12-31,,,,5936000000000.0,141888000000000.0,25518000000000.0,299297000000000.0
2025-01-02,2700.0,2710.0,38776700.0,,,,
2025-01-03,2750.0,2740.0,49907500.0,,,,
2025-01-06,2690.0,2760.0,54087800.0,,,,
2025-01-07,2570.0,2670.0,109758000.0,,,,
2025-01-08,2650.0,2590.0,100688500.0,,,,
2025-01-09,2620.0,2690.0,55206700.0,,,,
2025-01-10,2680.0,2640.0,54496800.0,,,,
2025-01-13,2670.0,2670.0,90816500.0,,,,
2025-01-14,2620.0,2670.0,53116800.0,,,,
2025-01-15,2630.0,2640.0,52867900.0,,,,
2025-01-16,2590.0,2660.0,118890200.0,,,,
2025-01-17,2660.0,2630.0,107245400.0,,,,
2025-01-20,2610.0,2670.0,49752300.0,,,,
2025-01-21,2630.0,2630.0,86549000.0,,,,
2025-01-22,2730.0,2680.0,128617700.0,,,,
2025-01-23,2710.0,2730.0,63216100.0,,,,
2025-01-24,2690.0,2740.0,49844700.0,,,,
2025-01-30,2640.0,2690.0,89736900.0,,,,
2025-01-31,2660.0,2660.0,83736900.0,,,,
2025-02-03,2630.0,2620.0,91801900.0,,,,
2025-02-04,2640.0,2640.0,95311100.0,,,,
2025-02-05,2620.0,2600.0,110400300.0,,,,
2025-02-06,2560.0,2630.0,90471900.0,,,,
2025-02-07,2590.0,2550.0,105020200.0,,,,
2025-02-10,2440.0,2520.0,153328500.0,,,,
2025-02-11,2320.0,2430.0,254907800.0,,,,
2025-02-12,2480.0,2360.0,173407600.0,,,,
2025-02-13,2420.0,2370.0,219425500.0,,,,
2025-02-14,2530.0,2460.0,156474300.0,,,,
2025-02-17,2650.0,2570.0,113998200.0,,,,
2025-02-18,2680.0,2660.0,115881200.0,,,,
2025-02-19,2670.0,2680.0,119388200.0,,,,
2025-02-20,2670.0,2650.0,90411700.0,,,,
2025-02-21,2650.0,2670.0,75110600.0,,,,
2025-02-24,2600.0,2630.0,42327600.0,,,,
2025-02-25,2460.0,2560.0,111687700.0,,,,
2025-02-26,2520.0,2500.0,65752000.0,,,,
2025-02-27,2490.0,2520.0,88741400.0,,,,
2025-02-28,2350.0,2470.0,249795300.0,,,,
2025-03-03,2400.0,2400.0,178833400.0,,,,
2025-03-04,2380.0,2400.0,131347800.0,,,,
2025-03-05,2450.0,2420.0,167407400.0,,,,
2025-03-06,2400.0,2490.0,131136100.0,,,,
2025-03-07,2410.0,2430.0,182407000.0,,,,
2025-03-10,2390.0,2430.0,88949400.0,,,,
2025-03-11,2370.0,2380.0,102235600.0,,,,
2025-03-12,2450.0,2410.0,98938700.0,,,,
2025-03-13,2430.0,2470.0,66706500.0,,,,
2025-03-14,2420.0,2450.0,107627100.0,,,,
2025-03-17,2420.0,2420.0,58129400.0,,,,
2025-03-18,2420.0,2450.0,139758600.0,,,,
2025-03-19,2430.0,2420.0,96825800.0,,,,
2025-03-20,2390.0,2440.0,94823100.0,,,,
2025-03-21,2310.0,2370.0,204534000.0,,,,
2025-03-24,2330.0,2320.0,105865000.0,,,,
2025-03-25,2340.0,2340.0,107964200.0,,,,
2025-03-26,2440.0,2360.0,215856700.0,,,,
2025-03-27,2410.0,2430.0,120411200.0,,,,
2025-03-31,,,,5810000000000.0,,,
2025-04-08,2290.0,2050.0,409973200.0,,,,
2025-04-09,2320.0,2440.0,120363300.0,,,,
2025-04-10,2350.0,2450.0,139327100.0,,,,
2025-04-11,2330.0,2320.0,60214100.0,,,,
2025-04-14,2430.0,2320.0,116968600.0,,,,
2025-04-15,2450.0,2460.0,99064500.0,,,,
2025-04-16,2480.0,2490.0,121853000.0,,,,
2025-04-17,2550.0,2500.0,195577900.0,,,,
2025-04-21,2570.0,2600.0,84209300.0,,,,
2025-04-22,2550.0,2570.0,44958000.0,,,,
2025-04-23,2630.0,2580.0,128704200.0,,,,
2025-04-24,2630.0,2630.0,75733400.0,,,,
2025-04-25,2600.0,2630.0,93439600.0,,,,
2025-04-28,2560.0,2600.0,51086400.0,,,,
2025-04-29,2590.0,2570.0,56546100.0,,,,
2025-04-30,2640.0,2600.0,96333300.0,,,,
2025-05-02,2680.0,2640.0,132357600.0,,,,
2025-05-05,2700.0,2710.0,85592500.0,,,,
2025-05-06,2680.0,2720.0,76948300.0,,,,
2025-05-07,2620.0,2680.0,100293700.0,,,,
2025-05-08,2570.0,2630.0,122965300.0,,,,
2025-05-09,2600.0,2570.0,59433500.0,,,,
